Date,Day,Open,High,Low,Close,Adj Open,Adj High,Adj Close
3/26/04,Fri,0.00,0.00,0.00,0.00,,,1.94
3/29/04,Mon,0.00,0.00,0.00,0.00,,,1.99
3/30/04,Tues,0.00,0.00,0.00,0.00,,,2.01
3/31/04,Wed,0.00,0.00,0.00,0.00,,,2.00
4/1/04,Thurs,0.00,0.00,0.00,0.00,,,2.01
4/2/04,Fri,0.00,0.00,0.00,0.00,,,2.08
4/5/04,Mon,0.00,0.00,0.00,0.00,,,2.12
4/6/04,Tues,0.00,0.00,0.00,0.00,2.12,2.10,2.10
4/7/04,Wed,0.00,0.00,0.00,0.00,2.10,2.06,2.06
4/8/04,Thurs,0.00,0.00,0.00,0.00,2.06,2.07,2.07
4/12/04,Mon,0.00,0.00,0.00,0.00,2.07,2.09,2.09
4/13/04,Tues,0.00,0.00,0.00,0.00,2.09,2.04,2.04
4/14/04,Wed,0.00,0.00,0.00,0.00,2.04,2.02,2.02
4/15/04,Thurs,0.00,0.00,0.00,0.00,2.02,2.03,2.03
4/16/04,Fri,0.00,0.00,0.00,0.00,2.03,2.04,2.04
4/19/04,Mon,0.00,0.00,0.00,0.00,2.04,2.01,2.01
4/20/04,Tues,0.00,0.00,0.00,0.00,2.01,1.99,1.99
4/21/04,Wed,0.00,0.00,0.00,0.00,1.99,2.11,2.11
4/22/04,Thurs,0.00,0.00,0.00,0.00,2.11,2.26,2.26
4/23/04,Fri,0.00,0.00,0.00,0.00,2.26,2.26,2.26
4/26/04,Mon,0.00,0.00,0.00,0.00,2.26,2.28,2.28
4/27/04,Tues,0.00,0.00,0.00,0.00,2.28,2.32,2.32
4/28/04,Wed,0.00,0.00,0.00,0.00,2.32,2.25,2.25
4/29/04,Thurs,0.00,0.00,0.00,0.00,2.25,2.20,2.20
4/30/04,Fri,0.00,0.00,0.00,0.00,2.20,2.15,2.15
5/3/04,Mon,0.00,0.00,0.00,0.00,2.15,2.22,2.22
5/4/04,Tues,0.00,0.00,0.00,0.00,2.22,2.25,2.25
5/5/04,Wed,0.00,0.00,0.00,0.00,2.25,2.31,2.31
5/6/04,Thurs,0.00,0.00,0.00,0.00,2.31,2.22,2.22
5/7/04,Fri,0.00,0.00,0.00,0.00,2.22,2.15,2.15
5/10/04,Mon,0.00,0.00,0.00,0.00,2.15,2.06,2.06
5/11/04,Tues,0.00,0.00,0.00,0.00,2.06,2.13,2.13
5/12/04,Wed,0.00,0.00,0.00,0.00,2.13,2.16,2.16
5/13/04,Thurs,0.00,0.00,0.00,0.00,2.16,2.16,2.16
5/14/04,Fri,0.00,0.00,0.00,0.00,2.16,2.15,2.15
5/17/04,Mon,0.00,0.00,0.00,0.00,2.15,2.08,2.08
5/18/04,Tues,0.00,0.00,0.00,0.00,2.08,2.10,2.10
5/19/04,Wed,0.00,0.00,0.00,0.00,2.10,2.19,2.19
5/20/04,Thurs,0.00,0.00,0.00,0.00,2.19,2.17,2.17
5/21/04,Fri,0.00,0.00,0.00,0.00,2.17,2.19,2.19
5/24/04,Mon,0.00,0.00,0.00,0.00,2.19,2.24,2.24
5/25/04,Tues,0.00,0.00,0.00,0.00,2.24,2.39,2.39
5/26/04,Wed,0.00,0.00,0.00,0.00,2.39,2.37,2.37
5/27/04,Thurs,0.00,0.00,0.00,0.00,2.37,2.40,2.40
5/28/04,Fri,0.00,0.00,0.00,0.00,2.40,2.38,2.38
6/1/04,Tues,0.00,0.00,0.00,0.00,2.38,2.37,2.37
6/2/04,Wed,0.00,0.00,0.00,0.00,2.37,2.37,2.37
6/3/04,Thurs,0.00,0.00,0.00,0.00,2.37,2.36,2.36
6/4/04,Fri,0.00,0.00,0.00,0.00,2.36,2.36,2.36
6/7/04,Mon,0.00,0.00,0.00,0.00,2.36,2.43,2.43
6/8/04,Tues,0.00,0.00,0.00,0.00,2.43,2.48,2.48
6/9/04,Wed,0.00,0.00,0.00,0.00,2.48,2.46,2.46
6/10/04,Thurs,0.00,0.00,0.00,0.00,2.46,2.51,2.51
6/14/04,Mon,0.00,0.00,0.00,0.00,2.51,2.51,2.51
6/15/04,Tues,0.00,0.00,0.00,0.00,2.51,2.56,2.56
6/16/04,Wed,0.00,0.00,0.00,0.00,2.56,2.58,2.58
6/17/04,Thurs,0.00,0.00,0.00,0.00,2.58,2.57,2.57
6/18/04,Fri,0.00,0.00,0.00,0.00,2.57,2.59,2.59
6/21/04,Mon,0.00,0.00,0.00,0.00,2.59,2.56,2.56
6/22/04,Tues,0.00,0.00,0.00,0.00,2.56,2.63,2.63
6/23/04,Wed,0.00,0.00,0.00,0.00,2.63,2.77,2.77
6/24/04,Thurs,0.00,0.00,0.00,0.00,2.77,2.73,2.73
6/25/04,Fri,0.00,0.00,0.00,0.00,2.73,2.70,2.70
6/28/04,Mon,0.00,0.00,0.00,0.00,2.70,2.68,2.68
6/29/04,Tues,0.00,0.00,0.00,0.00,2.68,2.72,2.72
6/30/04,Wed,0.00,0.00,0.00,0.00,2.72,2.79,2.79
7/1/04,Thurs,0.00,0.00,0.00,0.00,2.79,2.75,2.75
7/2/04,Fri,0.00,0.00,0.00,0.00,2.75,2.77,2.77
7/6/04,Tues,0.00,0.00,0.00,0.00,2.77,2.67,2.67
7/7/04,Wed,0.00,0.00,0.00,0.00,2.67,2.74,2.74
7/8/04,Thurs,0.00,0.00,0.00,0.00,2.74,2.68,2.68
7/9/04,Fri,0.00,0.00,0.00,0.00,2.68,2.67,2.67
7/12/04,Mon,0.00,0.00,0.00,0.00,2.67,2.70,2.70
7/13/04,Tues,0.00,0.00,0.00,0.00,2.70,2.76,2.76
7/14/04,Wed,0.00,0.00,0.00,0.00,2.76,2.70,2.70
7/15/04,Thurs,0.00,0.00,0.00,0.00,2.70,2.67,2.67
7/16/04,Fri,0.00,0.00,0.00,0.00,2.67,2.66,2.66
7/19/04,Mon,0.00,0.00,0.00,0.00,2.66,2.65,2.65
7/20/04,Tues,0.00,0.00,0.00,0.00,2.65,2.72,2.72
7/21/04,Wed,0.00,0.00,0.00,0.00,2.72,2.62,2.62
7/22/04,Thurs,0.00,0.00,0.00,0.00,2.62,2.72,2.72
7/23/04,Fri,0.00,0.00,0.00,0.00,2.72,2.72,2.72
7/26/04,Mon,0.00,0.00,0.00,0.00,2.72,2.70,2.70
7/27/04,Tues,0.00,0.00,0.00,0.00,2.70,2.79,2.79
7/28/04,Wed,0.00,0.00,0.00,0.00,2.79,2.84,2.84
7/29/04,Thurs,0.00,0.00,0.00,0.00,2.84,2.91,2.91
7/30/04,Fri,0.00,0.00,0.00,0.00,2.91,2.93,2.93
8/2/04,Mon,0.00,0.00,0.00,0.00,2.93,2.97,2.97
8/3/04,Tues,0.00,0.00,0.00,0.00,2.97,2.96,2.96
8/4/04,Wed,0.00,0.00,0.00,0.00,2.96,2.96,2.96
8/5/04,Thurs,0.00,0.00,0.00,0.00,2.96,2.86,2.86
8/6/04,Fri,0.00,0.00,0.00,0.00,2.86,2.77,2.77
8/9/04,Mon,0.00,0.00,0.00,0.00,2.77,2.83,2.83
8/10/04,Tues,0.00,0.00,0.00,0.00,2.83,2.93,2.93
8/11/04,Wed,0.00,0.00,0.00,0.00,2.93,2.91,2.91
8/12/04,Thurs,0.00,0.00,0.00,0.00,2.91,2.89,2.89
8/13/04,Fri,0.00,0.00,0.00,0.00,2.89,2.93,2.93
8/16/04,Mon,0.00,0.00,0.00,0.00,2.93,3.02,3.02
8/17/04,Tues,0.00,0.00,0.00,0.00,3.02,3.07,3.07
8/18/04,Wed,0.00,0.00,0.00,0.00,3.07,3.13,3.13
8/19/04,Thurs,0.00,0.00,0.00,0.00,3.13,3.12,3.12
8/20/04,Fri,0.00,0.00,0.00,0.00,3.12,3.16,3.16
8/23/04,Mon,0.00,0.00,0.00,0.00,3.16,3.19,3.19
8/24/04,Tues,0.00,0.00,0.00,0.00,3.19,3.26,3.26
8/25/04,Wed,0.00,0.00,0.00,0.00,3.26,3.38,3.38
8/26/04,Thurs,0.00,0.00,0.00,0.00,3.38,3.39,3.39
8/27/04,Fri,0.00,0.00,0.00,0.00,3.39,3.43,3.43
8/30/04,Mon,0.00,0.00,0.00,0.00,3.43,3.39,3.39
8/31/04,Tues,0.00,0.00,0.00,0.00,3.39,3.42,3.42
9/1/04,Wed,0.00,0.00,0.00,0.00,3.42,3.46,3.46
9/2/04,Thurs,0.00,0.00,0.00,0.00,3.46,3.60,3.60
9/3/04,Fri,0.00,0.00,0.00,0.00,3.60,3.62,3.62
9/7/04,Tues,0.00,0.00,0.00,0.00,3.62,3.70,3.70
9/8/04,Wed,0.00,0.00,0.00,0.00,3.70,3.72,3.72
9/9/04,Thurs,0.00,0.00,0.00,0.00,3.72,3.75,3.75
9/10/04,Fri,0.00,0.00,0.00,0.00,3.75,3.79,3.79
9/13/04,Mon,0.00,0.00,0.00,0.00,3.79,3.86,3.86
9/14/04,Tues,0.00,0.00,0.00,0.00,3.86,3.96,3.96
9/15/04,Wed,0.00,0.00,0.00,0.00,3.96,3.89,3.89
9/16/04,Thurs,0.00,0.00,0.00,0.00,3.89,3.88,3.88
9/17/04,Fri,0.00,0.00,0.00,0.00,3.88,3.87,3.87
9/20/04,Mon,0.00,0.00,0.00,0.00,3.87,3.84,3.84
9/21/04,Tues,0.00,0.00,0.00,0.00,3.84,3.92,3.92
9/22/04,Wed,0.00,0.00,0.00,0.00,3.92,3.85,3.85
9/23/04,Thurs,0.00,0.00,0.00,0.00,3.85,3.85,3.85
9/24/04,Fri,0.00,0.00,0.00,0.00,3.85,3.90,3.90
9/27/04,Mon,0.00,0.00,0.00,0.00,3.90,3.86,3.86
9/28/04,Tues,0.00,0.00,0.00,0.00,3.86,3.98,3.98
9/29/04,Wed,0.00,0.00,0.00,0.00,3.98,4.11,4.11
9/30/04,Thurs,0.00,0.00,0.00,0.00,4.11,4.15,4.15
10/1/04,Fri,0.00,0.00,0.00,0.00,4.15,4.33,4.33
10/4/04,Mon,0.00,0.00,0.00,0.00,4.33,4.28,4.28
10/5/04,Tues,0.00,0.00,0.00,0.00,4.28,4.27,4.27
10/6/04,Wed,0.00,0.00,0.00,0.00,4.27,4.36,4.36
10/7/04,Thurs,0.00,0.00,0.00,0.00,4.36,4.25,4.25
10/8/04,Fri,0.00,0.00,0.00,0.00,4.25,4.15,4.15
10/11/04,Mon,0.00,0.00,0.00,0.00,4.15,4.14,4.14
10/12/04,Tues,0.00,0.00,0.00,0.00,4.14,4.06,4.06
10/13/04,Wed,0.00,0.00,0.00,0.00,4.06,4.01,4.01
10/14/04,Thurs,0.00,0.00,0.00,0.00,4.01,3.93,3.93
10/15/04,Fri,0.00,0.00,0.00,0.00,3.93,4.00,4.00
10/18/04,Mon,0.00,0.00,0.00,0.00,4.00,4.13,4.13
10/19/04,Tues,0.00,0.00,0.00,0.00,4.13,4.10,4.10
10/20/04,Wed,0.00,0.00,0.00,0.00,4.10,3.98,3.98
10/21/04,Thurs,0.00,0.00,0.00,0.00,3.98,4.16,4.16
10/22/04,Fri,0.00,0.00,0.00,0.00,4.16,4.07,4.07
10/25/04,Mon,0.00,0.00,0.00,0.00,4.07,3.96,3.96
10/26/04,Tues,0.00,0.00,0.00,0.00,3.96,4.04,4.04
10/27/04,Wed,0.00,0.00,0.00,0.00,4.04,4.03,4.03
10/28/04,Thurs,0.00,0.00,0.00,0.00,4.03,4.09,4.09
10/29/04,Fri,0.00,0.00,0.00,0.00,4.09,4.08,4.08
11/1/04,Mon,0.00,0.00,0.00,0.00,4.08,4.06,4.06
11/2/04,Tues,0.00,0.00,0.00,0.00,4.06,4.17,4.17
11/3/04,Wed,0.00,0.00,0.00,0.00,4.17,4.39,4.39
11/4/04,Thurs,0.00,0.00,0.00,0.00,4.39,4.55,4.55
11/5/04,Fri,0.00,0.00,0.00,0.00,4.55,4.58,4.58
11/8/04,Mon,0.00,0.00,0.00,0.00,4.58,4.53,4.53
11/9/04,Tues,0.00,0.00,0.00,0.00,4.53,4.58,4.58
11/10/04,Wed,0.00,0.00,0.00,0.00,4.58,4.70,4.70
11/11/04,Thurs,0.00,0.00,0.00,0.00,4.70,4.79,4.79
11/12/04,Fri,0.00,0.00,0.00,0.00,4.79,4.79,4.79
11/15/04,Mon,0.00,0.00,0.00,0.00,4.79,4.78,4.78
11/16/04,Tues,0.00,0.00,0.00,0.00,4.78,4.75,4.75
11/17/04,Wed,0.00,0.00,0.00,0.00,4.75,4.73,4.73
11/18/04,Thurs,0.00,0.00,0.00,0.00,4.73,4.77,4.77
11/19/04,Fri,0.00,0.00,0.00,0.00,4.77,4.63,4.63
11/22/04,Mon,0.00,0.00,0.00,0.00,4.63,4.74,4.74
11/23/04,Tues,0.00,0.00,0.00,0.00,4.74,4.80,4.80
11/24/04,Wed,0.00,0.00,0.00,0.00,4.80,4.81,4.81
11/26/04,Fri,0.00,0.00,0.00,0.00,4.81,4.81,4.81
11/29/04,Mon,0.00,0.00,0.00,0.00,4.81,4.74,4.74
11/30/04,Tues,0.00,0.00,0.00,0.00,4.74,4.74,4.74
12/1/04,Wed,0.00,0.00,0.00,0.00,4.74,4.81,4.81
12/2/04,Thurs,0.00,0.00,0.00,0.00,4.81,4.82,4.82
12/3/04,Fri,0.00,0.00,0.00,0.00,4.82,4.83,4.83
12/6/04,Mon,0.00,0.00,0.00,0.00,4.83,4.95,4.95
12/7/04,Tues,0.00,0.00,0.00,0.00,4.95,4.85,4.85
12/8/04,Wed,0.00,0.00,0.00,0.00,4.85,4.93,4.93
12/9/04,Thurs,0.00,0.00,0.00,0.00,4.93,4.97,4.97
12/10/04,Fri,0.00,0.00,0.00,0.00,4.97,5.00,5.00
12/13/04,Mon,0.00,0.00,0.00,0.00,5.00,5.10,5.10
12/14/04,Tues,0.00,0.00,0.00,0.00,5.10,5.08,5.08
12/15/04,Wed,0.00,0.00,0.00,0.00,5.08,5.08,5.08
12/16/04,Thurs,0.00,0.00,0.00,0.00,5.08,5.14,5.14
12/17/04,Fri,0.00,0.00,0.00,0.00,5.14,5.13,5.13
12/20/04,Mon,0.00,0.00,0.00,0.00,5.13,5.15,5.15
12/21/04,Tues,0.00,0.00,0.00,0.00,5.15,5.25,5.25
12/22/04,Wed,0.00,0.00,0.00,0.00,5.25,5.24,5.24
12/23/04,Thurs,0.00,0.00,0.00,0.00,5.24,5.27,5.27
12/27/04,Mon,0.00,0.00,0.00,0.00,5.27,5.26,5.26
12/28/04,Tues,0.00,0.00,0.00,0.00,5.26,5.26,5.26
12/29/04,Wed,0.00,0.00,0.00,0.00,5.26,5.26,5.26
12/30/04,Thurs,0.00,0.00,0.00,0.00,5.26,5.24,5.24
12/31/04,Fri,0.00,0.00,0.00,0.00,5.24,5.22,5.22
1/3/05,Mon,0.00,0.00,0.00,0.00,5.22,5.13,5.13
1/4/05,Tues,0.00,0.00,0.00,0.00,5.13,5.07,5.07
1/5/05,Wed,0.00,0.00,0.00,0.00,5.07,5.08,5.08
1/6/05,Thurs,0.00,0.00,0.00,0.00,5.08,5.18,5.18
1/7/05,Fri,0.00,0.00,0.00,0.00,5.18,5.21,5.21
1/10/05,Mon,0.00,0.00,0.00,0.00,5.21,5.27,5.27
1/11/05,Tues,0.00,0.00,0.00,0.00,5.27,5.22,5.22
1/12/05,Wed,0.00,0.00,0.00,0.00,5.22,5.38,5.38
1/13/05,Thurs,0.00,0.00,0.00,0.00,5.38,5.37,5.37
1/14/05,Fri,0.00,0.00,0.00,0.00,5.37,5.44,5.44
1/18/05,Tues,0.00,0.00,0.00,0.00,5.44,5.61,5.61
1/19/05,Wed,0.00,0.00,0.00,0.00,5.61,5.54,5.54
1/20/05,Thurs,0.00,0.00,0.00,0.00,5.54,5.48,5.48
1/21/05,Fri,0.00,0.00,0.00,0.00,5.48,5.37,5.37
1/24/05,Mon,0.00,0.00,0.00,0.00,5.37,5.41,5.41
1/25/05,Tues,0.00,0.00,0.00,0.00,5.41,5.45,5.45
1/26/05,Wed,0.00,0.00,0.00,0.00,5.45,5.54,5.54
1/27/05,Thurs,0.00,0.00,0.00,0.00,5.54,5.61,5.61
1/28/05,Fri,0.00,0.00,0.00,0.00,5.61,5.66,5.66
1/31/05,Mon,0.00,0.00,0.00,0.00,5.66,5.73,5.73
2/1/05,Tues,0.00,0.00,0.00,0.00,5.73,5.92,5.92
2/2/05,Wed,0.00,0.00,0.00,0.00,5.92,6.19,6.19
2/3/05,Thurs,0.00,0.00,0.00,0.00,6.19,6.22,6.22
2/4/05,Fri,0.00,0.00,0.00,0.00,6.22,6.52,6.52
2/7/05,Mon,0.00,0.00,0.00,0.00,6.52,6.51,6.51
2/8/05,Tues,0.00,0.00,0.00,0.00,6.51,6.47,6.47
2/9/05,Wed,0.00,0.00,0.00,0.00,6.47,6.42,6.42
2/10/05,Thurs,0.00,0.00,0.00,0.00,6.42,6.53,6.53
2/11/05,Fri,0.00,0.00,0.00,0.00,6.53,6.69,6.69
2/14/05,Mon,0.00,0.00,0.00,0.00,6.69,6.63,6.63
2/15/05,Tues,0.00,0.00,0.00,0.00,6.63,6.61,6.61
2/16/05,Wed,0.00,0.00,0.00,0.00,6.61,6.64,6.64
2/17/05,Thurs,0.00,0.00,0.00,0.00,6.64,6.58,6.58
2/18/05,Fri,0.00,0.00,0.00,0.00,6.58,6.57,6.57
2/22/05,Tues,0.00,0.00,0.00,0.00,6.57,6.32,6.32
2/23/05,Wed,0.00,0.00,0.00,0.00,6.32,6.35,6.35
2/24/05,Thurs,0.00,0.00,0.00,0.00,6.35,6.44,6.44
2/25/05,Fri,0.00,0.00,0.00,0.00,6.44,6.55,6.55
2/28/05,Mon,0.00,0.00,0.00,0.00,6.55,6.42,6.42
3/1/05,Tues,0.00,0.00,0.00,0.00,6.42,6.45,6.45
3/2/05,Wed,0.00,0.00,0.00,0.00,6.45,6.33,6.33
3/3/05,Thurs,0.00,0.00,0.00,0.00,6.33,6.18,6.18
3/4/05,Fri,0.00,0.00,0.00,0.00,6.18,6.39,6.39
3/7/05,Mon,0.00,0.00,0.00,0.00,6.39,6.41,6.41
3/8/05,Tues,0.00,0.00,0.00,0.00,6.41,6.31,6.31
3/9/05,Wed,0.00,0.00,0.00,0.00,6.31,6.20,6.20
3/10/05,Thurs,0.00,0.00,0.00,0.00,6.20,6.22,6.22
3/11/05,Fri,0.00,0.00,0.00,0.00,6.22,6.18,6.18
3/14/05,Mon,0.00,0.00,0.00,0.00,6.18,6.18,6.18
3/15/05,Tues,0.00,0.00,0.00,0.00,6.18,6.03,6.03
3/16/05,Wed,0.00,0.00,0.00,0.00,6.03,5.93,5.93
3/17/05,Thurs,0.00,0.00,0.00,0.00,5.93,5.96,5.96
3/18/05,Fri,0.00,0.00,0.00,0.00,5.96,5.99,5.99
3/21/05,Mon,0.00,0.00,0.00,0.00,5.99,5.87,5.87
3/22/05,Tues,0.00,0.00,0.00,0.00,5.87,5.68,5.68
3/23/05,Wed,0.00,0.00,0.00,0.00,5.68,5.70,5.70
3/24/05,Thurs,0.00,0.00,0.00,0.00,5.70,5.84,5.84
3/28/05,Mon,0.00,0.00,0.00,0.00,5.84,5.76,5.76
3/29/05,Tues,0.00,0.00,0.00,0.00,5.76,5.53,5.53
3/30/05,Wed,0.00,0.00,0.00,0.00,5.53,5.75,5.75
3/31/05,Thurs,0.00,0.00,0.00,0.00,5.75,5.71,5.71
4/1/05,Fri,0.00,0.00,0.00,0.00,5.71,5.63,5.63
4/4/05,Mon,0.00,0.00,0.00,0.00,5.63,5.57,5.57
4/5/05,Tues,0.00,0.00,0.00,0.00,5.57,5.64,5.64
4/6/05,Wed,0.00,0.00,0.00,0.00,5.64,5.85,5.85
4/7/05,Thurs,0.00,0.00,0.00,0.00,5.85,6.01,6.01
4/8/05,Fri,0.00,0.00,0.00,0.00,6.01,5.99,5.99
4/11/05,Mon,0.00,0.00,0.00,0.00,5.99,6.07,6.07
4/12/05,Tues,0.00,0.00,0.00,0.00,6.07,6.24,6.24
4/13/05,Wed,0.00,0.00,0.00,0.00,6.24,5.92,5.92
4/14/05,Thurs,0.00,0.00,0.00,0.00,5.92,5.57,5.57
4/15/05,Fri,0.00,0.00,0.00,0.00,5.57,5.25,5.25
4/18/05,Mon,0.00,0.00,0.00,0.00,5.25,5.27,5.27
4/19/05,Tues,0.00,0.00,0.00,0.00,5.27,5.48,5.48
4/20/05,Wed,0.00,0.00,0.00,0.00,5.48,5.33,5.33
4/21/05,Thurs,0.00,0.00,0.00,0.00,5.33,5.62,5.62
4/22/05,Fri,0.00,0.00,0.00,0.00,5.62,5.45,5.45
4/25/05,Mon,0.00,0.00,0.00,0.00,5.45,5.65,5.65
4/26/05,Tues,0.00,0.00,0.00,0.00,5.65,5.54,5.54
4/27/05,Wed,0.00,0.00,0.00,0.00,5.54,5.54,5.54
4/28/05,Thurs,0.00,0.00,0.00,0.00,5.54,5.26,5.26
4/29/05,Fri,0.00,0.00,0.00,0.00,5.26,5.30,5.30
5/2/05,Mon,0.00,0.00,0.00,0.00,5.30,5.46,5.46
5/3/05,Tues,0.00,0.00,0.00,0.00,5.46,5.51,5.51
5/4/05,Wed,0.00,0.00,0.00,0.00,5.51,5.73,5.73
5/5/05,Thurs,0.00,0.00,0.00,0.00,5.73,5.80,5.80
5/6/05,Fri,0.00,0.00,0.00,0.00,5.80,5.77,5.77
5/9/05,Mon,0.00,0.00,0.00,0.00,5.77,5.85,5.85
5/10/05,Tues,0.00,0.00,0.00,0.00,5.85,5.64,5.64
5/11/05,Wed,0.00,0.00,0.00,0.00,5.64,5.60,5.60
5/12/05,Thurs,0.00,0.00,0.00,0.00,5.60,5.29,5.29
5/13/05,Fri,0.00,0.00,0.00,0.00,5.29,5.17,5.17
5/16/05,Mon,0.00,0.00,0.00,0.00,5.17,5.25,5.25
5/17/05,Tues,0.00,0.00,0.00,0.00,5.25,5.45,5.45
5/18/05,Wed,0.00,0.00,0.00,0.00,5.45,5.69,5.69
5/19/05,Thurs,0.00,0.00,0.00,0.00,5.69,5.79,5.79
5/20/05,Fri,0.00,0.00,0.00,0.00,5.79,5.87,5.87
5/23/05,Mon,0.00,0.00,0.00,0.00,5.87,5.99,5.99
5/24/05,Tues,0.00,0.00,0.00,0.00,5.99,6.02,6.02
5/25/05,Wed,0.00,0.00,0.00,0.00,6.02,5.97,5.97
5/26/05,Thurs,0.00,0.00,0.00,0.00,5.97,6.16,6.16
5/27/05,Fri,0.00,0.00,0.00,0.00,6.16,6.13,6.13
5/31/05,Tues,0.00,0.00,0.00,0.00,6.13,6.08,6.08
6/1/05,Wed,0.00,0.00,0.00,0.00,6.08,6.19,6.19
6/2/05,Thurs,0.00,0.00,0.00,0.00,6.19,6.23,6.23
6/3/05,Fri,0.00,0.00,0.00,0.00,6.23,6.23,6.23
6/6/05,Mon,0.00,0.00,0.00,0.00,6.23,6.35,6.35
6/7/05,Tues,0.00,0.00,0.00,0.00,6.35,6.45,6.45
6/8/05,Wed,0.00,0.00,0.00,0.00,6.45,6.41,6.41
6/9/05,Thurs,0.00,0.00,0.00,0.00,6.41,6.46,6.46
6/10/05,Fri,0.00,0.00,0.00,0.00,6.46,6.45,6.45
6/13/05,Mon,0.00,0.00,0.00,0.00,6.45,6.65,6.65
6/14/05,Tues,0.00,0.00,0.00,0.00,6.65,6.73,6.73
6/15/05,Wed,0.00,0.00,0.00,0.00,6.73,6.84,6.84
6/16/05,Thurs,0.00,0.00,0.00,0.00,6.84,6.94,6.94
6/17/05,Fri,0.00,0.00,0.00,0.00,6.94,6.82,6.82
6/20/05,Mon,0.00,0.00,0.00,0.00,6.82,6.82,6.82
6/21/05,Tues,0.00,0.00,0.00,0.00,6.82,6.94,6.94
6/22/05,Wed,0.00,0.00,0.00,0.00,6.94,6.95,6.95
6/23/05,Thurs,0.00,0.00,0.00,0.00,6.95,6.69,6.69
6/24/05,Fri,0.00,0.00,0.00,0.00,6.69,6.59,6.59
6/27/05,Mon,0.00,0.00,0.00,0.00,6.59,6.58,6.58
6/28/05,Tues,0.00,0.00,0.00,0.00,6.58,6.80,6.80
6/29/05,Wed,0.00,0.00,0.00,0.00,6.80,6.71,6.71
6/30/05,Thurs,0.00,0.00,0.00,0.00,6.71,6.66,6.66
7/1/05,Fri,0.00,0.00,0.00,0.00,6.66,6.75,6.75
7/5/05,Tues,0.00,0.00,0.00,0.00,6.75,6.80,6.80
7/6/05,Wed,0.00,0.00,0.00,0.00,6.80,6.68,6.68
7/7/05,Thurs,0.00,0.00,0.00,0.00,6.68,6.62,6.62
7/8/05,Fri,0.00,0.00,0.00,0.00,6.62,6.86,6.86
7/11/05,Mon,0.00,0.00,0.00,0.00,6.86,6.94,6.94
7/12/05,Tues,0.00,0.00,0.00,0.00,6.94,7.03,7.03
7/13/05,Wed,0.00,0.00,0.00,0.00,7.03,7.13,7.13
7/14/05,Thurs,0.00,0.00,0.00,0.00,7.13,7.22,7.22
7/15/05,Fri,0.00,0.00,0.00,0.00,7.22,7.30,7.30
7/18/05,Mon,0.00,0.00,0.00,0.00,7.30,7.31,7.31
7/19/05,Tues,0.00,0.00,0.00,0.00,7.31,7.43,7.43
7/20/05,Wed,0.00,0.00,0.00,0.00,7.43,7.49,7.49
7/21/05,Thurs,0.00,0.00,0.00,0.00,7.49,7.54,7.54
7/22/05,Fri,0.00,0.00,0.00,0.00,7.54,7.65,7.65
7/25/05,Mon,0.00,0.00,0.00,0.00,7.65,7.61,7.61
7/26/05,Tues,0.00,0.00,0.00,0.00,7.61,7.56,7.56
7/27/05,Wed,0.00,0.00,0.00,0.00,7.56,7.63,7.63
7/28/05,Thurs,0.00,0.00,0.00,0.00,7.63,7.74,7.74
7/29/05,Fri,0.00,0.00,0.00,0.00,7.74,7.63,7.63
8/1/05,Mon,0.00,0.00,0.00,0.00,7.63,7.54,7.54
8/2/05,Tues,0.00,0.00,0.00,0.00,7.54,7.58,7.58
8/3/05,Wed,0.00,0.00,0.00,0.00,7.58,7.57,7.57
8/4/05,Thurs,0.00,0.00,0.00,0.00,7.57,7.44,7.44
8/5/05,Fri,0.00,0.00,0.00,0.00,7.44,7.39,7.39
8/8/05,Mon,0.00,0.00,0.00,0.00,7.39,7.33,7.33
8/9/05,Tues,0.00,0.00,0.00,0.00,7.33,7.56,7.56
8/10/05,Wed,0.00,0.00,0.00,0.00,7.56,7.63,7.63
8/11/05,Thurs,0.00,0.00,0.00,0.00,7.63,7.70,7.70
8/12/05,Fri,0.00,0.00,0.00,0.00,7.70,7.57,7.57
8/15/05,Mon,0.00,0.00,0.00,0.00,7.57,7.66,7.66
8/16/05,Tues,0.00,0.00,0.00,0.00,7.66,7.36,7.36
8/17/05,Wed,0.00,0.00,0.00,0.00,7.36,7.00,7.00
8/18/05,Thurs,0.00,0.00,0.00,0.00,7.00,7.05,7.05
8/19/05,Fri,0.00,0.00,0.00,0.00,7.05,7.11,7.11
8/22/05,Mon,0.00,0.00,0.00,0.00,7.11,7.12,7.12
8/23/05,Tues,0.00,0.00,0.00,0.00,7.12,7.11,7.11
8/24/05,Wed,0.00,0.00,0.00,0.00,7.11,7.10,7.10
8/25/05,Thurs,0.00,0.00,0.00,0.00,7.10,7.09,7.09
8/26/05,Fri,0.00,0.00,0.00,0.00,7.09,7.05,7.05
8/29/05,Mon,0.00,0.00,0.00,0.00,7.05,7.11,7.11
8/30/05,Tues,0.00,0.00,0.00,0.00,7.11,7.06,7.06
8/31/05,Wed,0.00,0.00,0.00,0.00,7.06,7.14,7.14
9/1/05,Thurs,0.00,0.00,0.00,0.00,7.14,7.12,7.12
9/2/05,Fri,0.00,0.00,0.00,0.00,7.12,7.07,7.07
9/6/05,Tues,0.00,0.00,0.00,0.00,7.07,7.15,7.15
9/7/05,Wed,0.00,0.00,0.00,0.00,7.15,7.23,7.23
9/8/05,Thurs,0.00,0.00,0.00,0.00,7.23,7.24,7.24
9/9/05,Fri,0.00,0.00,0.00,0.00,7.24,7.32,7.32
9/12/05,Mon,0.00,0.00,0.00,0.00,7.32,7.35,7.35
9/13/05,Tues,0.00,0.00,0.00,0.00,7.35,7.31,7.31
9/14/05,Wed,0.00,0.00,0.00,0.00,7.31,7.29,7.29
9/15/05,Thurs,0.00,0.00,0.00,0.00,7.29,7.31,7.31
9/16/05,Fri,0.00,0.00,0.00,0.00,7.31,7.39,7.39
9/19/05,Mon,0.00,0.00,0.00,0.00,7.39,7.36,7.36
9/20/05,Tues,0.00,0.00,0.00,0.00,7.36,7.34,7.34
9/21/05,Wed,0.00,0.00,0.00,0.00,7.34,7.50,7.50
9/22/05,Thurs,0.00,0.00,0.00,0.00,7.50,7.40,7.40
9/23/05,Fri,0.00,0.00,0.00,0.00,7.40,7.51,7.51
9/26/05,Mon,0.00,0.00,0.00,0.00,7.51,7.61,7.61
9/27/05,Tues,0.00,0.00,0.00,0.00,7.61,7.67,7.67
9/28/05,Wed,0.00,0.00,0.00,0.00,7.67,7.79,7.79
9/29/05,Thurs,0.00,0.00,0.00,0.00,7.79,7.94,7.94
9/30/05,Fri,0.00,0.00,0.00,0.00,7.94,8.06,8.06
10/3/05,Mon,0.00,0.00,0.00,0.00,8.06,8.10,8.10
10/4/05,Tues,0.00,0.00,0.00,0.00,8.10,7.98,7.98
10/5/05,Wed,0.00,0.00,0.00,0.00,7.98,7.71,7.71
10/6/05,Thurs,0.00,0.00,0.00,0.00,7.71,7.48,7.48
10/7/05,Fri,0.00,0.00,0.00,0.00,7.48,7.50,7.50
10/10/05,Mon,0.00,0.00,0.00,0.00,7.50,7.29,7.29
10/11/05,Tues,0.00,0.00,0.00,0.00,7.29,7.30,7.30
10/12/05,Wed,0.00,0.00,0.00,0.00,7.30,7.22,7.22
10/13/05,Thurs,0.00,0.00,0.00,0.00,7.22,7.16,7.16
10/14/05,Fri,0.00,0.00,0.00,0.00,7.16,7.41,7.41
10/17/05,Mon,0.00,0.00,0.00,0.00,7.41,7.42,7.42
10/18/05,Tues,0.00,0.00,0.00,0.00,7.42,7.39,7.39
10/19/05,Wed,0.00,0.00,0.00,0.00,7.39,7.48,7.48
10/20/05,Thurs,0.00,0.00,0.00,0.00,7.48,7.22,7.22
10/21/05,Fri,0.00,0.00,0.00,0.00,7.22,7.25,7.25
10/24/05,Mon,0.00,0.00,0.00,0.00,7.25,7.45,7.45
10/25/05,Tues,0.00,0.00,0.00,0.00,7.45,7.52,7.52
10/26/05,Wed,0.00,0.00,0.00,0.00,7.52,7.61,7.61
10/27/05,Thurs,0.00,0.00,0.00,0.00,7.61,7.36,7.36
10/28/05,Fri,0.00,0.00,0.00,0.00,7.36,7.52,7.52
10/31/05,Mon,0.00,0.00,0.00,0.00,7.52,7.59,7.59
11/1/05,Tues,0.00,0.00,0.00,0.00,7.59,7.62,7.62
11/2/05,Wed,0.00,0.00,0.00,0.00,7.62,7.84,7.84
11/3/05,Thurs,0.00,0.00,0.00,0.00,7.84,8.16,8.16
11/4/05,Fri,0.00,0.00,0.00,0.00,8.16,8.21,8.21
11/7/05,Mon,0.00,0.00,0.00,0.00,8.21,8.25,8.25
11/8/05,Tues,0.00,0.00,0.00,0.00,8.25,8.21,8.21
11/9/05,Wed,0.00,0.00,0.00,0.00,8.21,8.35,8.35
11/10/05,Thurs,0.00,0.00,0.00,0.00,8.35,8.54,8.54
11/11/05,Fri,0.00,0.00,0.00,0.00,8.54,8.81,8.81
11/14/05,Mon,0.00,0.00,0.00,0.00,8.81,8.70,8.70
11/15/05,Tues,0.00,0.00,0.00,0.00,8.70,8.75,8.75
11/16/05,Wed,0.00,0.00,0.00,0.00,8.75,8.78,8.78
11/17/05,Thurs,0.00,0.00,0.00,0.00,8.78,9.01,9.01
11/18/05,Fri,0.00,0.00,0.00,0.00,9.01,9.27,9.27
11/21/05,Mon,0.00,0.00,0.00,0.00,9.27,9.24,9.24
11/22/05,Tues,0.00,0.00,0.00,0.00,9.24,9.31,9.31
11/23/05,Wed,0.00,0.00,0.00,0.00,9.31,9.36,9.36
11/25/05,Fri,0.00,0.00,0.00,0.00,9.36,9.35,9.35
11/28/05,Mon,0.00,0.00,0.00,0.00,9.35,9.25,9.25
11/29/05,Tues,0.00,0.00,0.00,0.00,9.25,9.25,9.25
11/30/05,Wed,0.00,0.00,0.00,0.00,9.25,9.21,9.21
12/1/05,Thurs,0.00,0.00,0.00,0.00,9.21,9.31,9.31
12/2/05,Fri,0.00,0.00,0.00,0.00,9.31,9.44,9.44
12/5/05,Mon,0.00,0.00,0.00,0.00,9.44,9.43,9.43
12/6/05,Tues,0.00,0.00,0.00,0.00,9.43,9.43,9.43
12/7/05,Wed,0.00,0.00,0.00,0.00,9.43,9.35,9.35
12/8/05,Thurs,0.00,0.00,0.00,0.00,9.35,9.36,9.36
12/9/05,Fri,0.00,0.00,0.00,0.00,9.36,9.43,9.43
12/12/05,Mon,0.00,0.00,0.00,0.00,9.43,9.42,9.42
12/13/05,Tues,0.00,0.00,0.00,0.00,9.42,9.46,9.46
12/14/05,Wed,0.00,0.00,0.00,0.00,9.46,9.58,9.58
12/15/05,Thurs,0.00,0.00,0.00,0.00,9.58,9.63,9.63
12/16/05,Fri,0.00,0.00,0.00,0.00,9.63,9.54,9.54
12/19/05,Mon,0.00,0.00,0.00,0.00,9.54,9.57,9.57
12/20/05,Tues,0.00,0.00,0.00,0.00,9.57,9.65,9.65
12/21/05,Wed,0.00,0.00,0.00,0.00,9.65,9.78,9.78
12/22/05,Thurs,0.00,0.00,0.00,0.00,9.78,9.87,9.87
12/23/05,Fri,0.00,0.00,0.00,0.00,9.87,10.06,10.06
12/27/05,Tues,0.00,0.00,0.00,0.00,10.06,9.88,9.88
12/28/05,Wed,0.00,0.00,0.00,0.00,9.88,9.98,9.98
12/29/05,Thurs,0.00,0.00,0.00,0.00,9.98,9.98,9.98
12/30/05,Fri,0.00,0.00,0.00,0.00,9.98,9.91,9.91
1/3/06,Tues,0.00,0.00,0.00,0.00,9.91,10.18,10.18
1/4/06,Wed,0.00,0.00,0.00,0.00,10.18,10.27,10.27
1/5/06,Thurs,0.00,0.00,0.00,0.00,10.27,10.32,10.32
1/6/06,Fri,0.00,0.00,0.00,0.00,10.32,10.50,10.50
1/9/06,Mon,0.00,0.00,0.00,0.00,10.50,10.69,10.69
1/10/06,Tues,0.00,0.00,0.00,0.00,10.69,10.87,10.87
1/11/06,Wed,0.00,0.00,0.00,0.00,10.87,11.00,11.00
1/12/06,Thurs,0.00,0.00,0.00,0.00,11.00,10.87,10.87
1/13/06,Fri,0.00,0.00,0.00,0.00,10.87,10.90,10.90
1/17/06,Tues,0.00,0.00,0.00,0.00,10.90,10.77,10.77
1/18/06,Wed,0.00,0.00,0.00,0.00,10.77,10.62,10.62
1/19/06,Thurs,0.00,0.00,0.00,0.00,10.62,10.75,10.75
1/20/06,Fri,0.00,0.00,0.00,0.00,10.75,10.41,10.41
1/23/06,Mon,0.00,0.00,0.00,0.00,10.41,10.24,10.24
1/24/06,Tues,0.00,0.00,0.00,0.00,10.24,10.38,10.38
1/25/06,Wed,0.00,0.00,0.00,0.00,10.38,10.56,10.56
1/26/06,Thurs,0.00,0.00,0.00,0.00,10.56,10.81,10.81
1/27/06,Fri,0.00,0.00,0.00,0.00,10.81,11.01,11.01
1/30/06,Mon,0.00,0.00,0.00,0.00,11.01,11.15,11.15
1/31/06,Tues,0.00,0.00,0.00,0.00,11.15,11.08,11.08
2/1/06,Wed,0.00,0.00,0.00,0.00,11.08,11.12,11.12
2/2/06,Thurs,0.00,0.00,0.00,0.00,11.12,10.99,10.99
2/3/06,Fri,0.00,0.00,0.00,0.00,10.99,11.02,11.02
2/6/06,Mon,0.00,0.00,0.00,0.00,11.02,11.01,11.01
2/7/06,Tues,0.00,0.00,0.00,0.00,11.01,10.92,10.92
2/8/06,Wed,0.00,0.00,0.00,0.00,10.92,11.18,11.18
2/9/06,Thurs,0.00,0.00,0.00,0.00,11.18,11.30,11.30
2/10/06,Fri,0.00,0.00,0.00,0.00,11.30,11.33,11.33
2/13/06,Mon,0.00,0.00,0.00,0.00,11.33,11.13,11.13
2/14/06,Tues,0.00,0.00,0.00,0.00,11.13,11.28,11.28
2/15/06,Wed,0.00,0.00,0.00,0.00,11.28,11.22,11.22
2/16/06,Thurs,0.00,0.00,0.00,0.00,11.22,11.44,11.44
2/17/06,Fri,0.00,0.00,0.00,0.00,11.44,11.56,11.56
2/21/06,Tues,0.00,0.00,0.00,0.00,11.56,11.66,11.66
2/22/06,Wed,0.00,0.00,0.00,0.00,11.66,11.96,11.96
2/23/06,Thurs,0.00,0.00,0.00,0.00,11.96,11.96,11.96
2/24/06,Fri,0.00,0.00,0.00,0.00,11.96,12.07,12.07
2/27/06,Mon,0.00,0.00,0.00,0.00,12.07,12.19,12.19
2/28/06,Tues,0.00,0.00,0.00,0.00,12.19,12.00,12.00
3/1/06,Wed,0.00,0.00,0.00,0.00,12.00,12.10,12.10
3/2/06,Thurs,0.00,0.00,0.00,0.00,12.10,12.08,12.08
3/3/06,Fri,0.00,0.00,0.00,0.00,12.08,12.06,12.06
3/6/06,Mon,0.00,0.00,0.00,0.00,12.06,11.91,11.91
3/7/06,Tues,0.00,0.00,0.00,0.00,11.91,11.82,11.82
3/8/06,Wed,0.00,0.00,0.00,0.00,11.82,11.94,11.94
3/9/06,Thurs,0.00,0.00,0.00,0.00,11.94,11.86,11.86
3/10/06,Fri,0.00,0.00,0.00,0.00,11.86,11.97,11.97
3/13/06,Mon,0.00,0.00,0.00,0.00,11.97,12.09,12.09
3/14/06,Tues,0.00,0.00,0.00,0.00,12.09,12.26,12.26
3/15/06,Wed,0.00,0.00,0.00,0.00,12.26,12.27,12.27
3/16/06,Thurs,0.00,0.00,0.00,0.00,12.27,12.44,12.44
3/17/06,Fri,0.00,0.00,0.00,0.00,12.44,12.40,12.40
3/20/06,Mon,0.00,0.00,0.00,0.00,12.40,12.33,12.33
3/21/06,Tues,0.00,0.00,0.00,0.00,12.33,12.27,12.27
3/22/06,Wed,0.00,0.00,0.00,0.00,12.27,12.45,12.45
3/23/06,Thurs,0.00,0.00,0.00,0.00,12.45,12.44,12.44
3/24/06,Fri,0.00,0.00,0.00,0.00,12.44,12.52,12.52
3/27/06,Mon,0.00,0.00,0.00,0.00,12.52,12.51,12.51
3/28/06,Tues,0.00,0.00,0.00,0.00,12.51,12.52,12.52
3/29/06,Wed,0.00,0.00,0.00,0.00,12.52,12.78,12.78
3/30/06,Thurs,0.00,0.00,0.00,0.00,12.78,12.85,12.85
3/31/06,Fri,0.00,0.00,0.00,0.00,12.85,12.75,12.75
4/3/06,Mon,0.00,0.00,0.00,0.00,12.75,12.79,12.79
4/4/06,Tues,0.00,0.00,0.00,0.00,12.79,12.85,12.85
4/5/06,Wed,0.00,0.00,0.00,0.00,12.85,12.99,12.99
4/6/06,Thurs,0.00,0.00,0.00,0.00,12.99,13.09,13.09
4/7/06,Fri,0.00,0.00,0.00,0.00,13.09,12.85,12.85
4/10/06,Mon,0.00,0.00,0.00,0.00,12.85,12.72,12.72
4/11/06,Tues,0.00,0.00,0.00,0.00,12.72,12.52,12.52
4/12/06,Wed,0.00,0.00,0.00,0.00,12.52,12.43,12.43
4/13/06,Thurs,0.00,0.00,0.00,0.00,12.43,12.47,12.47
4/17/06,Mon,0.00,0.00,0.00,0.00,12.47,12.43,12.43
4/18/06,Tues,0.00,0.00,0.00,0.00,12.43,12.82,12.82
4/19/06,Wed,0.00,0.00,0.00,0.00,12.82,12.83,12.83
4/20/06,Thurs,0.00,0.00,0.00,0.00,12.83,13.01,13.01
4/21/06,Fri,0.00,0.00,0.00,0.00,13.01,12.80,12.80
4/24/06,Mon,0.00,0.00,0.00,0.00,12.80,12.84,12.84
4/25/06,Tues,0.00,0.00,0.00,0.00,12.84,12.86,12.86
4/26/06,Wed,0.00,0.00,0.00,0.00,12.86,13.02,13.02
4/27/06,Thurs,0.00,0.00,0.00,0.00,13.02,13.11,13.11
4/28/06,Fri,0.00,0.00,0.00,0.00,13.11,13.19,13.19
5/1/06,Mon,0.00,0.00,0.00,0.00,13.19,12.96,12.96
5/2/06,Tues,0.00,0.00,0.00,0.00,12.96,13.14,13.14
5/3/06,Wed,0.00,0.00,0.00,0.00,13.14,13.01,13.01
5/4/06,Thurs,0.00,0.00,0.00,0.00,13.01,13.06,13.06
5/5/06,Fri,0.00,0.00,0.00,0.00,13.06,13.22,13.22
5/8/06,Mon,0.00,0.00,0.00,0.00,13.22,13.19,13.19
5/9/06,Tues,0.00,0.00,0.00,0.00,13.19,13.28,13.28
5/10/06,Wed,0.00,0.00,0.00,0.00,13.28,13.33,13.33
5/11/06,Thurs,0.00,0.00,0.00,0.00,13.33,12.97,12.97
5/12/06,Fri,0.00,0.00,0.00,0.00,12.97,12.36,12.36
5/15/06,Mon,0.00,0.00,0.00,0.00,12.36,12.42,12.42
5/16/06,Tues,0.00,0.00,0.00,0.00,12.42,12.57,12.57
5/17/06,Wed,0.00,0.00,0.00,0.00,12.57,11.32,11.32
5/18/06,Thurs,0.00,0.00,0.00,0.00,11.32,11.15,11.15
5/19/06,Fri,0.00,0.00,0.00,0.00,11.15,10.98,10.98
5/22/06,Mon,0.00,0.00,0.00,0.00,10.98,10.31,10.31
5/23/06,Tues,0.00,0.00,0.00,0.00,10.31,10.40,10.40
5/24/06,Wed,0.00,0.00,0.00,0.00,10.40,10.10,10.10
5/25/06,Thurs,0.00,0.00,0.00,0.00,10.10,10.51,10.51
5/26/06,Fri,0.00,0.00,0.00,0.00,10.51,10.79,10.79
5/30/06,Tues,0.00,0.00,0.00,0.00,10.79,9.80,9.80
5/31/06,Wed,0.00,0.00,0.00,0.00,9.80,10.00,10.00
6/1/06,Thurs,0.00,0.00,0.00,0.00,10.00,10.42,10.42
6/2/06,Fri,0.00,0.00,0.00,0.00,10.42,10.69,10.69
6/5/06,Mon,0.00,0.00,0.00,0.00,10.69,10.06,10.06
6/6/06,Tues,0.00,0.00,0.00,0.00,10.06,9.83,9.83
6/7/06,Wed,0.00,0.00,0.00,0.00,9.83,9.57,9.57
6/8/06,Thurs,0.00,0.00,0.00,0.00,9.57,9.26,9.26
6/9/06,Fri,0.00,0.00,0.00,0.00,9.26,9.17,9.17
6/12/06,Mon,0.00,0.00,0.00,0.00,9.17,8.84,8.84
6/13/06,Tues,0.00,0.00,0.00,0.00,8.84,8.10,8.10
6/14/06,Wed,0.00,0.00,0.00,0.00,8.10,7.94,7.94
6/15/06,Thurs,0.00,0.00,0.00,0.00,7.94,9.24,9.24
6/16/06,Fri,0.00,0.00,0.00,0.00,9.24,8.95,8.95
6/19/06,Mon,0.00,0.00,0.00,0.00,8.95,8.87,8.87
6/20/06,Tues,0.00,0.00,0.00,0.00,8.87,9.00,9.00
6/21/06,Wed,0.00,0.00,0.00,0.00,9.00,9.51,9.51
6/22/06,Thurs,0.00,0.00,0.00,0.00,9.51,9.46,9.46
6/23/06,Fri,0.00,0.00,0.00,0.00,9.46,9.51,9.51
6/26/06,Mon,0.00,0.00,0.00,0.00,9.51,9.59,9.59
6/27/06,Tues,0.00,0.00,0.00,0.00,9.59,9.35,9.35
6/28/06,Wed,0.00,0.00,0.00,0.00,9.35,9.35,9.35
6/29/06,Thurs,0.00,0.00,0.00,0.00,9.35,10.14,10.14
6/30/06,Fri,0.00,0.00,0.00,0.00,10.14,10.37,10.37
7/3/06,Mon,0.00,0.00,0.00,0.00,10.37,10.56,10.56
7/5/06,Wed,0.00,0.00,0.00,0.00,10.56,10.16,10.16
7/6/06,Thurs,0.00,0.00,0.00,0.00,10.16,10.16,10.16
7/7/06,Fri,0.00,0.00,0.00,0.00,10.16,10.04,10.04
7/10/06,Mon,0.00,0.00,0.00,0.00,10.04,10.03,10.03
7/11/06,Tues,0.00,0.00,0.00,0.00,10.03,10.22,10.22
7/12/06,Wed,0.00,0.00,0.00,0.00,10.22,9.93,9.93
7/13/06,Thurs,0.00,0.00,0.00,0.00,9.93,9.10,9.10
7/14/06,Fri,0.00,0.00,0.00,0.00,9.10,8.82,8.82
7/17/06,Mon,0.00,0.00,0.00,0.00,8.82,8.89,8.89
7/18/06,Tues,0.00,0.00,0.00,0.00,8.89,9.00,9.00
7/19/06,Wed,0.00,0.00,0.00,0.00,9.00,9.48,9.48
7/20/06,Thurs,0.00,0.00,0.00,0.00,9.48,9.17,9.17
7/21/06,Fri,0.00,0.00,0.00,0.00,9.17,8.96,8.96
7/24/06,Mon,0.00,0.00,0.00,0.00,8.96,9.62,9.62
7/25/06,Tues,0.00,0.00,0.00,0.00,9.62,9.88,9.88
7/26/06,Wed,0.00,0.00,0.00,0.00,9.88,9.95,9.95
7/27/06,Thurs,0.00,0.00,0.00,0.00,9.95,9.78,9.78
7/28/06,Fri,0.00,0.00,0.00,0.00,9.78,10.08,10.08
7/31/06,Mon,0.00,0.00,0.00,0.00,10.08,9.98,9.98
8/1/06,Tues,0.00,0.00,0.00,0.00,9.98,9.74,9.74
8/2/06,Wed,0.00,0.00,0.00,0.00,9.74,9.93,9.93
8/3/06,Thurs,0.00,0.00,0.00,0.00,9.93,10.02,10.02
8/4/06,Fri,0.00,0.00,0.00,0.00,10.02,9.88,9.88
8/7/06,Mon,0.00,0.00,0.00,0.00,9.88,9.79,9.79
8/8/06,Tues,0.00,0.00,0.00,0.00,9.79,9.83,9.83
8/9/06,Wed,0.00,0.00,0.00,0.00,9.83,9.93,9.93
8/10/06,Thurs,0.00,0.00,0.00,0.00,9.93,9.86,9.86
8/11/06,Fri,0.00,0.00,0.00,0.00,9.86,9.82,9.82
8/14/06,Mon,0.00,0.00,0.00,0.00,9.82,10.19,10.19
8/15/06,Tues,0.00,0.00,0.00,0.00,10.19,10.29,10.29
8/16/06,Wed,0.00,0.00,0.00,0.00,10.29,10.80,10.80
8/17/06,Thurs,0.00,0.00,0.00,0.00,10.80,10.88,10.88
8/18/06,Fri,0.00,0.00,0.00,0.00,10.88,11.04,11.04
8/21/06,Mon,0.00,0.00,0.00,0.00,11.04,11.11,11.11
8/22/06,Tues,0.00,0.00,0.00,0.00,11.11,11.20,11.20
8/23/06,Wed,0.00,0.00,0.00,0.00,11.20,10.99,10.99
8/24/06,Thurs,0.00,0.00,0.00,0.00,10.99,11.09,11.09
8/25/06,Fri,0.00,0.00,0.00,0.00,11.09,11.32,11.32
8/28/06,Mon,0.00,0.00,0.00,0.00,11.32,11.48,11.48
8/29/06,Tues,0.00,0.00,0.00,0.00,11.48,11.34,11.34
8/30/06,Wed,0.00,0.00,0.00,0.00,11.34,11.42,11.42
8/31/06,Thurs,0.00,0.00,0.00,0.00,11.42,11.59,11.59
9/1/06,Fri,0.00,0.00,0.00,0.00,11.59,11.83,11.83
9/5/06,Tues,0.00,0.00,0.00,0.00,11.83,11.75,11.75
9/6/06,Wed,0.00,0.00,0.00,0.00,11.75,11.26,11.26
9/7/06,Thurs,0.00,0.00,0.00,0.00,11.26,11.13,11.13
9/8/06,Fri,0.00,0.00,0.00,0.00,11.13,11.21,11.21
9/11/06,Mon,0.00,0.00,0.00,0.00,11.21,11.17,11.17
9/12/06,Tues,0.00,0.00,0.00,0.00,11.17,11.76,11.76
9/13/06,Wed,0.00,0.00,0.00,0.00,11.76,11.97,11.97
9/14/06,Thurs,0.00,0.00,0.00,0.00,11.97,11.79,11.79
9/15/06,Fri,0.00,0.00,0.00,0.00,11.79,11.84,11.84
9/18/06,Mon,0.00,0.00,0.00,0.00,11.84,11.96,11.96
9/19/06,Tues,0.00,0.00,0.00,0.00,11.96,12.01,12.01
9/20/06,Wed,0.00,0.00,0.00,0.00,12.01,12.24,12.24
9/21/06,Thurs,0.00,0.00,0.00,0.00,12.24,11.91,11.91
9/22/06,Fri,0.00,0.00,0.00,0.00,11.91,11.87,11.87
9/25/06,Mon,0.00,0.00,0.00,0.00,11.87,12.27,12.27
9/26/06,Tues,0.00,0.00,0.00,0.00,12.27,12.52,12.52
9/27/06,Wed,0.00,0.00,0.00,0.00,12.52,12.48,12.48
9/28/06,Thurs,0.00,0.00,0.00,0.00,12.48,12.52,12.52
9/29/06,Fri,0.00,0.00,0.00,0.00,12.52,12.57,12.57
10/2/06,Mon,0.00,0.00,0.00,0.00,12.57,12.34,12.34
10/3/06,Tues,0.00,0.00,0.00,0.00,12.34,12.33,12.33
10/4/06,Wed,0.00,0.00,0.00,0.00,12.33,12.95,12.95
10/5/06,Thurs,0.00,0.00,0.00,0.00,12.95,13.07,13.07
10/6/06,Fri,0.00,0.00,0.00,0.00,13.07,13.09,13.09
10/9/06,Mon,0.00,0.00,0.00,0.00,13.09,13.34,13.34
10/10/06,Tues,0.00,0.00,0.00,0.00,13.34,13.70,13.70
10/11/06,Wed,0.00,0.00,0.00,0.00,13.70,13.88,13.88
10/12/06,Thurs,0.00,0.00,0.00,0.00,13.88,14.18,14.18
10/13/06,Fri,0.00,0.00,0.00,0.00,14.18,14.38,14.38
10/16/06,Mon,0.00,0.00,0.00,0.00,14.38,14.72,14.72
10/17/06,Tues,0.00,0.00,0.00,0.00,14.72,14.52,14.52
10/18/06,Wed,0.00,0.00,0.00,0.00,14.52,14.59,14.59
10/19/06,Thurs,0.00,0.00,0.00,0.00,14.59,14.67,14.67
10/20/06,Fri,0.00,0.00,0.00,0.00,14.67,14.94,14.94
10/23/06,Mon,0.00,0.00,0.00,0.00,14.94,15.31,15.31
10/24/06,Tues,0.00,0.00,0.00,0.00,15.31,15.56,15.56
10/25/06,Wed,0.00,0.00,0.00,0.00,15.56,15.94,15.94
10/26/06,Thurs,0.00,0.00,0.00,0.00,15.94,16.29,16.29
10/27/06,Fri,0.00,0.00,0.00,0.00,16.29,16.21,16.21
10/30/06,Mon,0.00,0.00,0.00,0.00,16.21,16.15,16.15
10/31/06,Tues,0.00,0.00,0.00,0.00,16.15,16.26,16.26
11/1/06,Wed,0.00,0.00,0.00,0.00,16.26,15.91,15.91
11/2/06,Thurs,0.00,0.00,0.00,0.00,15.91,15.80,15.80
11/3/06,Fri,0.00,0.00,0.00,0.00,15.80,15.92,15.92
11/6/06,Mon,0.00,0.00,0.00,0.00,15.92,16.46,16.46
11/7/06,Tues,0.00,0.00,0.00,0.00,16.46,16.40,16.40
11/8/06,Wed,0.00,0.00,0.00,0.00,16.40,16.70,16.70
11/9/06,Thurs,0.00,0.00,0.00,0.00,16.70,16.65,16.65
11/10/06,Fri,0.00,0.00,0.00,0.00,16.65,16.52,16.52
11/13/06,Mon,0.00,0.00,0.00,0.00,16.52,16.59,16.59
11/14/06,Tues,0.00,0.00,0.00,0.00,16.59,16.95,16.95
11/15/06,Wed,0.00,0.00,0.00,0.00,16.95,17.09,17.09
11/16/06,Thurs,0.00,0.00,0.00,0.00,17.09,17.15,17.15
11/17/06,Fri,0.00,0.00,0.00,0.00,17.15,17.02,17.02
11/20/06,Mon,0.00,0.00,0.00,0.00,17.02,17.32,17.32
11/21/06,Tues,0.00,0.00,0.00,0.00,17.32,17.21,17.21
11/22/06,Wed,0.00,0.00,0.00,0.00,17.21,17.04,17.04
11/24/06,Fri,0.00,0.00,0.00,0.00,17.04,16.85,16.85
11/27/06,Mon,0.00,0.00,0.00,0.00,16.85,15.87,15.87
11/28/06,Tues,0.00,0.00,0.00,0.00,15.87,16.43,16.43
11/29/06,Wed,0.00,0.00,0.00,0.00,16.43,17.07,17.07
11/30/06,Thurs,0.00,0.00,0.00,0.00,17.07,17.18,17.18
12/1/06,Fri,0.00,0.00,0.00,0.00,17.18,16.82,16.82
12/4/06,Mon,0.00,0.00,0.00,0.00,16.82,17.09,17.09
12/5/06,Tues,0.00,0.00,0.00,0.00,17.09,17.03,17.03
12/6/06,Wed,0.00,0.00,0.00,0.00,17.03,16.90,16.90
12/7/06,Thurs,0.00,0.00,0.00,0.00,16.90,16.59,16.59
12/8/06,Fri,0.00,0.00,0.00,0.00,16.59,16.56,16.56
12/11/06,Mon,0.00,0.00,0.00,0.00,16.56,16.98,16.98
12/12/06,Tues,0.00,0.00,0.00,0.00,16.98,17.16,17.16
12/13/06,Wed,0.00,0.00,0.00,0.00,17.16,17.44,17.44
12/14/06,Thurs,0.00,0.00,0.00,0.00,17.44,17.37,17.37
12/15/06,Fri,0.00,0.00,0.00,0.00,17.37,17.13,17.13
12/18/06,Mon,0.00,0.00,0.00,0.00,17.13,17.08,17.08
12/19/06,Tues,0.00,0.00,0.00,0.00,17.08,17.53,17.53
12/20/06,Wed,0.00,0.00,0.00,0.00,17.53,17.59,17.59
12/21/06,Thurs,0.00,0.00,0.00,0.00,17.59,17.46,17.46
12/22/06,Fri,0.00,0.00,0.00,0.00,17.46,17.21,17.21
12/26/06,Tues,0.00,0.00,0.00,0.00,17.21,17.66,17.66
12/27/06,Wed,0.00,0.00,0.00,0.00,17.66,18.11,18.11
12/28/06,Thurs,0.00,0.00,0.00,0.00,18.11,17.94,17.94
12/29/06,Fri,0.00,0.00,0.00,0.00,17.94,17.75,17.75
1/3/07,Wed,0.00,0.00,0.00,0.00,17.75,17.75,17.75
1/4/07,Thurs,0.00,0.00,0.00,0.00,17.75,17.86,17.86
1/5/07,Fri,0.00,0.00,0.00,0.00,17.86,17.44,17.44
1/8/07,Mon,0.00,0.00,0.00,0.00,17.44,17.63,17.63
1/9/07,Tues,0.00,0.00,0.00,0.00,17.63,17.69,17.69
1/10/07,Wed,0.00,0.00,0.00,0.00,17.69,17.90,17.90
1/11/07,Thurs,0.00,0.00,0.00,0.00,17.90,19.13,19.13
1/12/07,Fri,0.00,0.00,0.00,0.00,19.13,19.47,19.47
1/16/07,Tues,0.00,0.00,0.00,0.00,19.47,19.75,19.75
1/17/07,Wed,0.00,0.00,0.00,0.00,19.75,19.73,19.73
1/18/07,Thurs,0.00,0.00,0.00,0.00,19.73,19.50,19.50
1/19/07,Fri,0.00,0.00,0.00,0.00,19.50,20.05,20.05
1/22/07,Mon,0.00,0.00,0.00,0.00,20.05,19.79,19.79
1/23/07,Tues,0.00,0.00,0.00,0.00,19.79,20.39,20.39
1/24/07,Wed,0.00,0.00,0.00,0.00,20.39,20.62,20.62
1/25/07,Thurs,0.00,0.00,0.00,0.00,20.62,19.84,19.84
1/26/07,Fri,0.00,0.00,0.00,0.00,19.84,19.78,19.78
1/29/07,Mon,0.00,0.00,0.00,0.00,19.78,19.83,19.83
1/30/07,Tues,0.00,0.00,0.00,0.00,19.83,20.14,20.14
1/31/07,Wed,0.00,0.00,0.00,0.00,20.14,20.45,20.45
2/1/07,Thurs,0.00,0.00,0.00,0.00,20.45,20.71,20.71
2/2/07,Fri,0.00,0.00,0.00,0.00,20.71,20.80,20.80
2/5/07,Mon,0.00,0.00,0.00,0.00,20.80,20.78,20.78
2/6/07,Tues,0.00,0.00,0.00,0.00,20.78,21.07,21.07
2/7/07,Wed,0.00,0.00,0.00,0.00,21.07,21.35,21.35
2/8/07,Thurs,0.00,0.00,0.00,0.00,21.35,21.22,21.22
2/9/07,Fri,0.00,0.00,0.00,0.00,21.22,20.80,20.80
2/12/07,Mon,0.00,0.00,0.00,0.00,20.80,20.44,20.44
2/13/07,Tues,0.00,0.00,0.00,0.00,20.44,21.20,21.20
2/14/07,Wed,0.00,0.00,0.00,0.00,21.20,21.83,21.83
2/15/07,Thurs,0.00,0.00,0.00,0.00,21.83,21.99,21.99
2/16/07,Fri,0.00,0.00,0.00,0.00,21.99,21.97,21.97
2/20/07,Tues,0.00,0.00,0.00,0.00,21.97,22.35,22.35
2/21/07,Wed,0.00,0.00,0.00,0.00,22.35,22.57,22.57
2/22/07,Thurs,0.00,0.00,0.00,0.00,22.57,22.74,22.74
2/23/07,Fri,0.00,0.00,0.00,0.00,22.74,21.88,21.88
2/26/07,Mon,0.00,0.00,0.00,0.00,21.88,22.11,22.11
2/27/07,Tues,0.00,0.00,0.00,0.00,22.11,16.62,16.62
2/28/07,Wed,0.00,0.00,0.00,0.00,16.62,17.95,17.95
3/1/07,Thurs,0.00,0.00,0.00,0.00,17.95,17.17,17.17
3/2/07,Fri,0.00,0.00,0.00,0.00,17.17,16.17,16.17
3/5/07,Mon,0.00,0.00,0.00,0.00,16.17,15.41,15.41
3/6/07,Tues,0.00,0.00,0.00,0.00,15.41,16.40,16.40
3/7/07,Wed,0.00,0.00,0.00,0.00,16.40,16.69,16.69
3/8/07,Thurs,0.00,0.00,0.00,0.00,16.69,17.30,17.30
3/9/07,Fri,0.00,0.00,0.00,0.00,17.30,17.32,17.32
3/12/07,Mon,0.00,0.00,0.00,0.00,17.32,17.61,17.61
3/13/07,Tues,0.00,0.00,0.00,0.00,17.61,15.94,15.94
3/14/07,Wed,0.00,0.00,0.00,0.00,15.94,15.35,15.35
3/15/07,Thurs,0.00,0.00,0.00,0.00,15.35,15.27,15.27
3/16/07,Fri,0.00,0.00,0.00,0.00,15.27,14.80,14.80
3/19/07,Mon,0.00,0.00,0.00,0.00,14.80,15.70,15.70
3/20/07,Tues,0.00,0.00,0.00,0.00,15.70,16.27,16.27
3/21/07,Wed,0.00,0.00,0.00,0.00,16.27,17.51,17.51
3/22/07,Thurs,0.00,0.00,0.00,0.00,17.51,17.40,17.40
3/23/07,Fri,0.00,0.00,0.00,0.00,17.40,17.42,17.42
3/26/07,Mon,0.00,0.00,0.00,0.00,17.42,17.38,17.38
3/27/07,Tues,0.00,0.00,0.00,0.00,17.38,16.76,16.76
3/28/07,Wed,0.00,0.00,0.00,0.00,16.76,15.87,15.87
3/29/07,Thurs,0.00,0.00,0.00,0.00,15.87,15.97,15.97
3/30/07,Fri,0.00,0.00,0.00,0.00,15.97,16.11,16.11
4/2/07,Mon,0.00,0.00,0.00,0.00,16.11,15.80,15.80
4/3/07,Tues,0.00,0.00,0.00,0.00,15.80,16.44,16.44
4/4/07,Wed,0.00,0.00,0.00,0.00,16.44,16.68,16.68
4/5/07,Thurs,0.00,0.00,0.00,0.00,16.68,16.88,16.88
4/9/07,Mon,0.00,0.00,0.00,0.00,16.88,16.96,16.96
4/10/07,Tues,0.00,0.00,0.00,0.00,16.96,17.56,17.56
4/11/07,Wed,0.00,0.00,0.00,0.00,17.56,16.97,16.97
4/12/07,Thurs,0.00,0.00,0.00,0.00,16.97,17.33,17.33
4/13/07,Fri,0.00,0.00,0.00,0.00,17.33,17.60,17.60
4/16/07,Mon,0.00,0.00,0.00,0.00,17.60,18.40,18.40
4/17/07,Tues,0.00,0.00,0.00,0.00,18.40,18.15,18.15
4/18/07,Wed,0.00,0.00,0.00,0.00,18.15,18.17,18.17
4/19/07,Thurs,0.00,0.00,0.00,0.00,18.17,18.30,18.30
4/20/07,Fri,0.00,0.00,0.00,0.00,18.30,18.29,18.29
4/23/07,Mon,0.00,0.00,0.00,0.00,18.29,18.01,18.01
4/24/07,Tues,0.00,0.00,0.00,0.00,18.01,18.02,18.02
4/25/07,Wed,0.00,0.00,0.00,0.00,18.02,18.21,18.21
4/26/07,Thurs,0.00,0.00,0.00,0.00,18.21,18.15,18.15
4/27/07,Fri,0.00,0.00,0.00,0.00,18.15,18.27,18.27
4/30/07,Mon,0.00,0.00,0.00,0.00,18.27,17.77,17.77
5/1/07,Tues,0.00,0.00,0.00,0.00,17.77,17.76,17.76
5/2/07,Wed,0.00,0.00,0.00,0.00,17.76,18.02,18.02
5/3/07,Thurs,0.00,0.00,0.00,0.00,18.02,18.15,18.15
5/4/07,Fri,0.00,0.00,0.00,0.00,18.15,18.10,18.10
5/7/07,Mon,0.00,0.00,0.00,0.00,18.10,17.98,17.98
5/8/07,Tues,0.00,0.00,0.00,0.00,17.98,17.80,17.80
5/9/07,Wed,0.00,0.00,0.00,0.00,17.80,18.01,18.01
5/10/07,Thurs,0.00,0.00,0.00,0.00,18.01,17.46,17.46
5/11/07,Fri,0.00,0.00,0.00,0.00,17.46,17.84,17.84
5/14/07,Mon,0.00,0.00,0.00,0.00,17.84,17.52,17.52
5/15/07,Tues,0.00,0.00,0.00,0.00,17.52,17.42,17.42
5/16/07,Wed,0.00,0.00,0.00,0.00,17.42,17.59,17.59
5/17/07,Thurs,0.00,0.00,0.00,0.00,17.59,17.47,17.47
5/18/07,Fri,0.00,0.00,0.00,0.00,17.47,17.67,17.67
5/21/07,Mon,0.00,0.00,0.00,0.00,17.67,17.93,17.93
5/22/07,Tues,0.00,0.00,0.00,0.00,17.93,17.88,17.88
5/23/07,Wed,0.00,0.00,0.00,0.00,17.88,17.95,17.95
5/24/07,Thurs,0.00,0.00,0.00,0.00,17.95,17.39,17.39
5/25/07,Fri,0.00,0.00,0.00,0.00,17.39,17.62,17.62
5/29/07,Tues,0.00,0.00,0.00,0.00,17.62,17.81,17.81
5/30/07,Wed,0.00,0.00,0.00,0.00,17.81,18.07,18.07
5/31/07,Thurs,0.00,0.00,0.00,0.00,18.07,18.10,18.10
6/1/07,Fri,0.00,0.00,0.00,0.00,18.10,18.20,18.20
6/4/07,Mon,0.00,0.00,0.00,0.00,18.20,18.06,18.06
6/5/07,Tues,0.00,0.00,0.00,0.00,18.06,17.94,17.94
6/6/07,Wed,0.00,0.00,0.00,0.00,17.94,17.33,17.33
6/7/07,Thurs,0.00,0.00,0.00,0.00,17.33,16.24,16.24
6/8/07,Fri,0.00,0.00,0.00,0.00,16.24,16.63,16.63
6/11/07,Mon,0.00,0.00,0.00,0.00,16.63,16.97,16.97
6/12/07,Tues,0.00,0.00,0.00,0.00,16.97,16.39,16.39
6/13/07,Wed,0.00,0.00,0.00,0.00,16.39,16.80,16.80
6/14/07,Thurs,0.00,0.00,0.00,0.00,16.80,17.28,17.28
6/15/07,Fri,0.00,0.00,0.00,0.00,17.28,17.54,17.54
6/18/07,Mon,0.00,0.00,0.00,0.00,17.54,17.51,17.51
6/19/07,Tues,0.00,0.00,0.00,0.00,17.51,17.88,17.88
6/20/07,Wed,0.00,0.00,0.00,0.00,17.88,16.81,16.81
6/21/07,Thurs,0.00,0.00,0.00,0.00,16.81,16.75,16.75
6/22/07,Fri,0.00,0.00,0.00,0.00,16.75,16.00,16.00
6/25/07,Mon,0.00,0.00,0.00,0.00,16.00,15.78,15.78
6/26/07,Tues,0.00,0.00,0.00,0.00,15.78,15.17,15.17
6/27/07,Wed,0.00,0.00,0.00,0.00,15.17,16.06,16.06
6/28/07,Thurs,0.00,0.00,0.00,0.00,16.06,16.06,16.06
6/29/07,Fri,0.00,0.00,0.00,0.00,16.06,15.52,15.52
7/2/07,Mon,0.00,0.00,0.00,0.00,15.52,15.89,15.89
7/3/07,Tues,0.00,0.00,0.00,0.00,15.89,16.11,16.11
7/5/07,Thurs,0.00,0.00,0.00,0.00,16.11,15.86,15.86
7/6/07,Fri,0.00,0.00,0.00,0.00,15.86,16.17,16.17
7/9/07,Mon,0.00,0.00,0.00,0.00,16.17,16.13,16.13
7/10/07,Tues,0.00,0.00,0.00,0.00,16.13,15.02,15.02
7/11/07,Wed,0.00,0.00,0.00,0.00,15.02,15.16,15.16
7/12/07,Thurs,0.00,0.00,0.00,0.00,15.16,15.48,15.48
7/13/07,Fri,0.00,0.00,0.00,0.00,15.48,15.42,15.42
7/16/07,Mon,0.00,0.00,0.00,0.00,15.42,15.23,15.23
7/17/07,Tues,0.00,0.00,0.00,0.00,15.23,15.11,15.11
7/18/07,Wed,0.00,0.00,0.00,0.00,15.11,14.63,14.63
7/19/07,Thurs,0.00,0.00,0.00,0.00,14.63,14.79,14.79
7/20/07,Fri,0.00,0.00,0.00,0.00,14.79,14.33,14.33
7/23/07,Mon,0.00,0.00,0.00,0.00,14.33,14.46,14.46
7/24/07,Tues,0.00,0.00,0.00,0.00,14.46,13.96,13.96
7/25/07,Wed,0.00,0.00,0.00,0.00,13.96,14.02,14.02
7/26/07,Thurs,0.00,0.00,0.00,0.00,14.02,13.03,13.03
7/27/07,Fri,0.00,0.00,0.00,0.00,13.03,12.63,12.63
7/30/07,Mon,0.00,0.00,0.00,0.00,12.63,12.97,12.97
7/31/07,Tues,0.00,0.00,0.00,0.00,12.97,12.17,12.17
8/1/07,Wed,0.00,0.00,0.00,0.00,12.17,11.55,11.55
8/2/07,Thurs,0.00,0.00,0.00,0.00,11.55,12.04,12.04
8/3/07,Fri,0.00,0.00,0.00,0.00,12.04,11.04,11.04
8/6/07,Mon,0.00,0.00,0.00,0.00,11.04,11.28,11.28
8/7/07,Tues,0.00,0.00,0.00,0.00,11.28,12.04,12.04
8/8/07,Wed,0.00,0.00,0.00,0.00,12.04,12.17,12.17
8/9/07,Thurs,0.00,0.00,0.00,0.00,12.17,10.46,10.46
8/10/07,Fri,0.00,0.00,0.00,0.00,10.46,9.68,9.68
8/13/07,Mon,0.00,0.00,0.00,0.00,9.68,9.92,9.92
8/14/07,Tues,0.00,0.00,0.00,0.00,9.92,9.49,9.49
8/15/07,Wed,0.00,0.00,0.00,0.00,9.49,9.08,9.08
8/16/07,Thurs,0.00,0.00,0.00,0.00,9.08,8.36,8.36
8/17/07,Fri,0.00,0.00,0.00,0.00,8.36,8.59,8.59
8/20/07,Mon,0.00,0.00,0.00,0.00,8.59,9.28,9.28
8/21/07,Tues,0.00,0.00,0.00,0.00,9.28,9.51,9.51
8/22/07,Wed,0.00,0.00,0.00,0.00,9.51,9.97,9.97
8/23/07,Thurs,0.00,0.00,0.00,0.00,9.97,9.80,9.80
8/24/07,Fri,0.00,0.00,0.00,0.00,9.80,10.16,10.16
8/27/07,Mon,0.00,0.00,0.00,0.00,10.16,9.68,9.68
8/28/07,Tues,0.00,0.00,0.00,0.00,9.68,8.88,8.88
8/29/07,Wed,0.00,0.00,0.00,0.00,8.88,9.23,9.23
8/30/07,Thurs,0.00,0.00,0.00,0.00,9.23,9.14,9.14
8/31/07,Fri,0.00,0.00,0.00,0.00,9.14,9.42,9.42
9/4/07,Tues,0.00,0.00,0.00,0.00,9.42,9.78,9.78
9/5/07,Wed,0.00,0.00,0.00,0.00,9.78,9.21,9.21
9/6/07,Thurs,0.00,0.00,0.00,0.00,9.21,9.28,9.28
9/7/07,Fri,0.00,0.00,0.00,0.00,9.28,8.70,8.70
9/10/07,Mon,0.00,0.00,0.00,0.00,8.70,8.45,8.45
9/11/07,Tues,0.00,0.00,0.00,0.00,8.45,8.87,8.87
9/12/07,Wed,0.00,0.00,0.00,0.00,8.87,8.81,8.81
9/13/07,Thurs,0.00,0.00,0.00,0.00,8.81,8.85,8.85
9/14/07,Fri,0.00,0.00,0.00,0.00,8.85,8.84,8.84
9/17/07,Mon,0.00,0.00,0.00,0.00,8.84,8.64,8.64
9/18/07,Tues,0.00,0.00,0.00,0.00,8.64,9.72,9.72
9/19/07,Wed,0.00,0.00,0.00,0.00,9.72,10.09,10.09
9/20/07,Thurs,0.00,0.00,0.00,0.00,10.09,9.96,9.96
9/21/07,Fri,0.00,0.00,0.00,0.00,9.96,10.41,10.41
9/24/07,Mon,0.00,0.00,0.00,0.00,10.41,10.48,10.48
9/25/07,Tues,0.00,0.00,0.00,0.00,10.48,10.39,10.39
9/26/07,Wed,0.00,0.00,0.00,0.00,10.39,10.79,10.79
9/27/07,Thurs,0.00,0.00,0.00,0.00,10.79,10.94,10.94
9/28/07,Fri,0.00,0.00,0.00,0.00,10.94,10.79,10.79
10/1/07,Mon,0.00,0.00,0.00,0.00,10.79,11.05,11.05
10/2/07,Tues,0.00,0.00,0.00,0.00,11.05,10.80,10.80
10/3/07,Wed,0.00,0.00,0.00,0.00,10.80,10.67,10.67
10/4/07,Thurs,0.00,0.00,0.00,0.00,10.67,10.58,10.58
10/5/07,Fri,0.00,0.00,0.00,0.00,10.58,11.15,11.15
10/8/07,Mon,0.00,0.00,0.00,0.00,11.15,11.00,11.00
10/9/07,Tues,0.00,0.00,0.00,0.00,11.00,11.54,11.54
10/10/07,Wed,0.00,0.00,0.00,0.00,11.54,11.51,11.51
10/11/07,Thurs,0.00,0.00,0.00,0.00,11.51,10.77,10.77
10/12/07,Fri,0.00,0.00,0.00,0.00,10.77,10.98,10.98
10/15/07,Mon,0.00,0.00,0.00,0.00,10.98,10.41,10.41
10/16/07,Tues,0.00,0.00,0.00,0.00,10.41,9.94,9.94
10/17/07,Wed,0.00,0.00,0.00,0.00,9.94,10.07,10.07
10/18/07,Thurs,0.00,0.00,0.00,0.00,10.07,10.06,10.06
10/19/07,Fri,0.00,0.00,0.00,0.00,10.06,9.37,9.37
10/22/07,Mon,0.00,0.00,0.00,0.00,9.37,9.49,9.49
10/23/07,Tues,0.00,0.00,0.00,0.00,9.49,9.78,9.78
10/24/07,Wed,0.00,0.00,0.00,0.00,9.78,9.59,9.59
10/25/07,Thurs,0.00,0.00,0.00,0.00,9.59,9.67,9.67
10/26/07,Fri,0.00,0.00,0.00,0.00,9.67,10.07,10.07
10/29/07,Mon,0.00,0.00,0.00,0.00,10.07,10.24,10.24
10/30/07,Tues,0.00,0.00,0.00,0.00,10.24,9.89,9.89
10/31/07,Wed,0.00,0.00,0.00,0.00,9.89,10.67,10.67
11/1/07,Thurs,0.00,0.00,0.00,0.00,10.67,9.15,9.15
11/2/07,Fri,0.00,0.00,0.00,0.00,9.15,8.89,8.89
11/5/07,Mon,0.00,0.00,0.00,0.00,8.89,8.55,8.55
11/6/07,Tues,0.00,0.00,0.00,0.00,8.55,8.98,8.98
11/7/07,Wed,0.00,0.00,0.00,0.00,8.98,7.99,7.99
11/8/07,Thurs,0.00,0.00,0.00,0.00,7.99,8.03,8.03
11/9/07,Fri,0.00,0.00,0.00,0.00,8.03,7.56,7.56
11/12/07,Mon,0.00,0.00,0.00,0.00,7.56,7.45,7.45
11/13/07,Tues,0.00,0.00,0.00,0.00,7.45,8.03,8.03
11/14/07,Wed,0.00,0.00,0.00,0.00,8.03,7.91,7.91
11/15/07,Thurs,0.00,0.00,0.00,0.00,7.91,7.39,7.39
11/16/07,Fri,0.00,0.00,0.00,0.00,7.39,7.50,7.50
11/19/07,Mon,0.00,0.00,0.00,0.00,7.50,7.38,7.38
11/20/07,Tues,0.00,0.00,0.00,0.00,7.38,7.58,7.58
11/21/07,Wed,0.00,0.00,0.00,0.00,7.58,7.40,7.40
11/23/07,Fri,0.00,0.00,0.00,0.00,7.40,7.66,7.66
11/26/07,Mon,0.00,0.00,0.00,0.00,7.66,7.24,7.24
11/27/07,Tues,0.00,0.00,0.00,0.00,7.24,7.41,7.41
11/28/07,Wed,0.00,0.00,0.00,0.00,7.41,7.98,7.98
11/29/07,Thurs,0.00,0.00,0.00,0.00,7.98,7.90,7.90
11/30/07,Fri,0.00,0.00,0.00,0.00,7.90,8.08,8.08
12/3/07,Mon,0.00,0.00,0.00,0.00,8.08,8.04,8.04
12/4/07,Tues,0.00,0.00,0.00,0.00,8.04,7.96,7.96
12/5/07,Wed,0.00,0.00,0.00,0.00,7.96,8.34,8.34
12/6/07,Thurs,0.00,0.00,0.00,0.00,8.34,8.76,8.76
12/7/07,Fri,0.00,0.00,0.00,0.00,8.76,8.64,8.64
12/10/07,Mon,0.00,0.00,0.00,0.00,8.64,8.82,8.82
12/11/07,Tues,0.00,0.00,0.00,0.00,8.82,8.34,8.34
12/12/07,Wed,0.00,0.00,0.00,0.00,8.34,8.45,8.45
12/13/07,Thurs,0.00,0.00,0.00,0.00,8.45,8.41,8.41
12/14/07,Fri,0.00,0.00,0.00,0.00,8.41,8.16,8.16
12/17/07,Mon,0.00,0.00,0.00,0.00,8.16,7.89,7.89
12/18/07,Tues,0.00,0.00,0.00,0.00,7.89,8.16,8.16
12/19/07,Wed,0.00,0.00,0.00,0.00,8.16,8.21,8.21
12/20/07,Thurs,0.00,0.00,0.00,0.00,8.21,8.30,8.30
12/21/07,Fri,0.00,0.00,0.00,0.00,8.30,8.66,8.66
12/24/07,Mon,0.00,0.00,0.00,0.00,8.66,8.96,8.96
12/26/07,Wed,0.00,0.00,0.00,0.00,8.96,9.03,9.03
12/27/07,Thurs,0.00,0.00,0.00,0.00,9.03,8.74,8.74
12/28/07,Fri,0.00,0.00,0.00,0.00,8.74,8.69,8.69
12/31/07,Mon,0.00,0.00,0.00,0.00,8.69,8.55,8.55
1/2/08,Wed,0.00,0.00,0.00,0.00,8.55,8.35,8.35
1/3/08,Thurs,0.00,0.00,0.00,0.00,8.35,8.42,8.42
1/4/08,Fri,0.00,0.00,0.00,0.00,8.42,8.07,8.07
1/7/08,Mon,0.00,0.00,0.00,0.00,8.07,8.24,8.24
1/8/08,Tues,0.00,0.00,0.00,0.00,8.24,7.84,7.84
1/9/08,Wed,0.00,0.00,0.00,0.00,7.84,7.92,7.92
1/10/08,Thurs,0.00,0.00,0.00,0.00,7.92,8.17,8.17
1/11/08,Fri,0.00,0.00,0.00,0.00,8.17,7.80,7.80
1/14/08,Mon,0.00,0.00,0.00,0.00,7.80,8.13,8.13
1/15/08,Tues,0.00,0.00,0.00,0.00,8.13,8.07,8.07
1/16/08,Wed,0.00,0.00,0.00,0.00,8.07,8.15,8.15
1/17/08,Thurs,0.00,0.00,0.00,0.00,8.15,7.51,7.51
1/18/08,Fri,0.00,0.00,0.00,0.00,7.51,7.44,7.44
1/22/08,Tues,0.00,0.00,0.00,0.00,7.44,7.34,7.34
1/23/08,Wed,0.00,0.00,0.00,0.00,7.34,7.68,7.68
1/24/08,Thurs,0.00,0.00,0.00,0.00,7.68,7.67,7.67
1/25/08,Fri,0.00,0.00,0.00,0.00,7.67,7.56,7.56
1/28/08,Mon,0.00,0.00,0.00,0.00,7.56,7.72,7.72
1/29/08,Tues,0.00,0.00,0.00,0.00,7.72,7.71,7.71
1/30/08,Wed,0.00,0.00,0.00,0.00,7.71,7.69,7.69
1/31/08,Thurs,0.00,0.00,0.00,0.00,7.69,7.81,7.81
2/1/08,Fri,0.00,0.00,0.00,0.00,7.81,8.01,8.01
2/4/08,Mon,0.00,0.00,0.00,0.00,8.01,7.73,7.73
2/5/08,Tues,0.00,0.00,0.00,0.00,7.73,7.29,7.29
2/6/08,Wed,0.00,0.00,0.00,0.00,7.29,7.09,7.09
2/7/08,Thurs,0.00,0.00,0.00,0.00,7.09,7.20,7.20
2/8/08,Fri,0.00,0.00,0.00,0.00,7.20,7.07,7.07
2/11/08,Mon,0.00,0.00,0.00,0.00,7.07,7.23,7.23
2/12/08,Tues,0.00,0.00,0.00,0.00,7.23,7.33,7.33
2/13/08,Wed,0.00,0.00,0.00,0.00,7.33,7.58,7.58
2/14/08,Thurs,0.00,0.00,0.00,0.00,7.58,7.47,7.47
2/15/08,Fri,0.00,0.00,0.00,0.00,7.47,7.54,7.54
2/19/08,Tues,0.00,0.00,0.00,0.00,7.54,7.64,7.64
2/20/08,Wed,0.00,0.00,0.00,0.00,7.64,7.69,7.69
2/21/08,Thurs,0.00,0.00,0.00,0.00,7.69,7.69,7.69
2/22/08,Fri,0.00,0.00,0.00,0.00,7.69,7.86,7.86
2/25/08,Mon,0.00,0.00,0.00,0.00,7.86,8.07,8.07
2/26/08,Tues,0.00,0.00,0.00,0.00,8.07,8.20,8.20
2/27/08,Wed,0.00,0.00,0.00,0.00,8.20,8.13,8.13
2/28/08,Thurs,0.00,0.00,0.00,0.00,8.13,7.90,7.90
2/29/08,Fri,0.00,0.00,0.00,0.00,7.90,7.44,7.44
3/3/08,Mon,0.00,0.00,0.00,0.00,7.44,7.45,7.45
3/4/08,Tues,0.00,0.00,0.00,0.00,7.45,7.58,7.58
3/5/08,Wed,0.00,0.00,0.00,0.00,7.58,7.76,7.76
3/6/08,Thurs,0.00,0.00,0.00,0.00,7.76,7.22,7.22
3/7/08,Fri,0.00,0.00,0.00,0.00,7.22,7.23,7.23
3/10/08,Mon,0.00,0.00,0.00,0.00,7.23,7.02,7.02
3/11/08,Tues,0.00,0.00,0.00,0.00,7.02,7.41,7.41
3/12/08,Wed,0.00,0.00,0.00,0.00,7.41,7.19,7.19
3/13/08,Thurs,0.00,0.00,0.00,0.00,7.19,7.17,7.17
3/14/08,Fri,0.00,0.00,0.00,0.00,7.17,6.74,6.74
3/17/08,Mon,0.00,0.00,0.00,0.00,6.74,6.70,6.70
3/18/08,Tues,0.00,0.00,0.00,0.00,6.70,7.27,7.27
3/19/08,Wed,0.00,0.00,0.00,0.00,7.27,6.94,6.94
3/20/08,Thurs,0.00,0.00,0.00,0.00,6.94,7.04,7.04
3/24/08,Mon,0.00,0.00,0.00,0.00,7.04,7.20,7.20
3/25/08,Tues,0.00,0.00,0.00,0.00,7.20,7.20,7.20
3/26/08,Wed,0.00,0.00,0.00,0.00,7.20,7.04,7.04
3/27/08,Thurs,0.00,0.00,0.00,0.00,7.04,7.09,7.09
3/28/08,Fri,0.00,0.00,0.00,0.00,7.09,7.08,7.08
3/31/08,Mon,0.00,0.00,0.00,0.00,7.08,7.21,7.21
4/1/08,Tues,0.00,0.00,0.00,0.00,7.21,7.70,7.70
4/2/08,Wed,0.00,0.00,0.00,0.00,7.70,7.57,7.57
4/3/08,Thurs,0.00,0.00,0.00,0.00,7.57,7.63,7.63
4/4/08,Fri,0.00,0.00,0.00,0.00,7.63,7.67,7.67
4/7/08,Mon,0.00,0.00,0.00,0.00,7.67,7.92,7.92
4/8/08,Tues,0.00,0.00,0.00,0.00,7.92,7.96,7.96
4/9/08,Wed,0.00,0.00,0.00,0.00,7.96,7.76,7.76
4/10/08,Thurs,0.00,0.00,0.00,0.00,7.76,7.89,7.89
4/11/08,Fri,0.00,0.00,0.00,0.00,7.89,7.66,7.66
4/14/08,Mon,0.00,0.00,0.00,0.00,7.66,7.69,7.69
4/15/08,Tues,0.00,0.00,0.00,0.00,7.69,7.84,7.84
4/16/08,Wed,0.00,0.00,0.00,0.00,7.84,8.31,8.31
4/17/08,Thurs,0.00,0.00,0.00,0.00,8.31,8.28,8.28
4/18/08,Fri,0.00,0.00,0.00,0.00,8.28,8.57,8.57
4/21/08,Mon,0.00,0.00,0.00,0.00,8.57,8.69,8.69
4/22/08,Tues,0.00,0.00,0.00,0.00,8.69,8.61,8.61
4/23/08,Wed,0.00,0.00,0.00,0.00,8.61,8.70,8.70
4/24/08,Thurs,0.00,0.00,0.00,0.00,8.70,8.93,8.93
4/25/08,Fri,0.00,0.00,0.00,0.00,8.93,9.15,9.15
4/28/08,Mon,0.00,0.00,0.00,0.00,9.15,9.22,9.22
4/29/08,Tues,0.00,0.00,0.00,0.00,9.22,9.10,9.10
4/30/08,Wed,0.00,0.00,0.00,0.00,9.10,8.90,8.90
5/1/08,Thurs,0.00,0.00,0.00,0.00,8.90,9.43,9.43
5/2/08,Fri,0.00,0.00,0.00,0.00,9.43,9.55,9.55
5/5/08,Mon,0.00,0.00,0.00,0.00,9.55,9.45,9.45
5/6/08,Tues,0.00,0.00,0.00,0.00,9.45,9.82,9.82
5/7/08,Wed,0.00,0.00,0.00,0.00,9.82,9.36,9.36
5/8/08,Thurs,0.00,0.00,0.00,0.00,9.36,9.35,9.35
5/9/08,Fri,0.00,0.00,0.00,0.00,9.35,9.27,9.27
5/12/08,Mon,0.00,0.00,0.00,0.00,9.27,9.58,9.58
5/13/08,Tues,0.00,0.00,0.00,0.00,9.58,9.62,9.62
5/14/08,Wed,0.00,0.00,0.00,0.00,9.62,9.83,9.83
5/15/08,Thurs,0.00,0.00,0.00,0.00,9.83,10.08,10.08
5/16/08,Fri,0.00,0.00,0.00,0.00,10.08,9.98,9.98
5/19/08,Mon,0.00,0.00,0.00,0.00,9.98,10.18,10.18
5/20/08,Tues,0.00,0.00,0.00,0.00,10.18,9.64,9.64
5/21/08,Wed,0.00,0.00,0.00,0.00,9.64,9.02,9.02
5/22/08,Thurs,0.00,0.00,0.00,0.00,9.02,9.19,9.19
5/23/08,Fri,0.00,0.00,0.00,0.00,9.19,8.97,8.97
5/27/08,Tues,0.00,0.00,0.00,0.00,8.97,9.24,9.24
5/28/08,Wed,0.00,0.00,0.00,0.00,9.24,9.33,9.33
5/29/08,Thurs,0.00,0.00,0.00,0.00,9.33,9.90,9.90
5/30/08,Fri,0.00,0.00,0.00,0.00,9.90,10.14,10.14
6/2/08,Mon,0.00,0.00,0.00,0.00,10.14,9.55,9.55
6/3/08,Tues,0.00,0.00,0.00,0.00,9.55,9.36,9.36
6/4/08,Wed,0.00,0.00,0.00,0.00,9.36,9.33,9.33
6/5/08,Thurs,0.00,0.00,0.00,0.00,9.33,9.82,9.82
6/6/08,Fri,0.00,0.00,0.00,0.00,9.82,8.72,8.72
6/9/08,Mon,0.00,0.00,0.00,0.00,8.72,8.87,8.87
6/10/08,Tues,0.00,0.00,0.00,0.00,8.87,8.86,8.86
6/11/08,Wed,0.00,0.00,0.00,0.00,8.86,8.59,8.59
6/12/08,Thurs,0.00,0.00,0.00,0.00,8.59,8.71,8.71
6/13/08,Fri,0.00,0.00,0.00,0.00,8.71,9.05,9.05
6/16/08,Mon,0.00,0.00,0.00,0.00,9.05,9.18,9.18
6/17/08,Tues,0.00,0.00,0.00,0.00,9.18,9.20,9.20
6/18/08,Wed,0.00,0.00,0.00,0.00,9.20,8.93,8.93
6/19/08,Thurs,0.00,0.00,0.00,0.00,8.93,9.08,9.08
6/20/08,Fri,0.00,0.00,0.00,0.00,9.08,8.86,8.86
6/23/08,Mon,0.00,0.00,0.00,0.00,8.86,8.86,8.86
6/24/08,Tues,0.00,0.00,0.00,0.00,8.86,8.81,8.81
6/25/08,Wed,0.00,0.00,0.00,0.00,8.81,9.18,9.18
6/26/08,Thurs,0.00,0.00,0.00,0.00,9.18,8.40,8.40
6/27/08,Fri,0.00,0.00,0.00,0.00,8.40,8.45,8.45
6/30/08,Mon,0.00,0.00,0.00,0.00,8.45,8.56,8.56
7/1/08,Tues,0.00,0.00,0.00,0.00,8.56,8.58,8.58
7/2/08,Wed,0.00,0.00,0.00,0.00,8.58,8.13,8.13
7/3/08,Thurs,0.00,0.00,0.00,0.00,8.13,8.20,8.20
7/7/08,Mon,0.00,0.00,0.00,0.00,8.20,8.13,8.13
7/8/08,Tues,0.00,0.00,0.00,0.00,8.13,8.59,8.59
7/9/08,Wed,0.00,0.00,0.00,0.00,8.59,8.14,8.14
7/10/08,Thurs,0.00,0.00,0.00,0.00,8.14,8.09,8.09
7/11/08,Fri,0.00,0.00,0.00,0.00,8.09,7.90,7.90
7/14/08,Mon,0.00,0.00,0.00,0.00,7.90,7.69,7.69
7/15/08,Tues,0.00,0.00,0.00,0.00,7.69,7.62,7.62
7/16/08,Wed,0.00,0.00,0.00,0.00,7.62,8.03,8.03
7/17/08,Thurs,0.00,0.00,0.00,0.00,8.03,8.18,8.18
7/18/08,Fri,0.00,0.00,0.00,0.00,8.18,8.25,8.25
7/21/08,Mon,0.00,0.00,0.00,0.00,8.25,8.46,8.46
7/22/08,Tues,0.00,0.00,0.00,0.00,8.46,8.78,8.78
7/23/08,Wed,0.00,0.00,0.00,0.00,8.78,8.79,8.79
7/24/08,Thurs,0.00,0.00,0.00,0.00,8.79,8.37,8.37
7/25/08,Fri,0.00,0.00,0.00,0.00,8.37,8.41,8.41
7/28/08,Mon,0.00,0.00,0.00,0.00,8.41,8.14,8.14
7/29/08,Tues,0.00,0.00,0.00,0.00,8.14,8.63,8.63
7/30/08,Wed,0.00,0.00,0.00,0.00,8.63,9.02,9.02
7/31/08,Thurs,0.00,0.00,0.00,0.00,9.02,8.58,8.58
8/1/08,Fri,0.00,0.00,0.00,0.00,8.58,8.53,8.53
8/4/08,Mon,0.00,0.00,0.00,0.00,8.53,8.57,8.57
8/5/08,Tues,0.00,0.00,0.00,0.00,8.57,8.97,8.97
8/6/08,Wed,0.00,0.00,0.00,0.00,8.97,9.23,9.23
8/7/08,Thurs,0.00,0.00,0.00,0.00,9.23,8.84,8.84
8/8/08,Fri,0.00,0.00,0.00,0.00,8.84,9.09,9.09
8/11/08,Mon,0.00,0.00,0.00,0.00,9.09,9.22,9.22
8/12/08,Tues,0.00,0.00,0.00,0.00,9.22,8.86,8.86
8/13/08,Wed,0.00,0.00,0.00,0.00,8.86,8.69,8.69
8/14/08,Thurs,0.00,0.00,0.00,0.00,8.69,8.99,8.99
8/15/08,Fri,0.00,0.00,0.00,0.00,8.99,9.10,9.10
8/18/08,Mon,0.00,0.00,0.00,0.00,9.10,8.97,8.97
8/19/08,Tues,0.00,0.00,0.00,0.00,8.97,8.69,8.69
8/20/08,Wed,0.00,0.00,0.00,0.00,8.69,8.87,8.87
8/21/08,Thurs,0.00,0.00,0.00,0.00,8.87,8.96,8.96
8/22/08,Fri,0.00,0.00,0.00,0.00,8.96,9.19,9.19
8/25/08,Mon,0.00,0.00,0.00,0.00,9.19,8.78,8.78
8/26/08,Tues,0.00,0.00,0.00,0.00,8.78,8.87,8.87
8/27/08,Wed,0.00,0.00,0.00,0.00,8.87,9.08,9.08
8/28/08,Thurs,0.00,0.00,0.00,0.00,9.08,9.30,9.30
8/29/08,Fri,0.00,0.00,0.00,0.00,9.30,9.10,9.10
9/2/08,Tues,0.00,0.00,0.00,0.00,9.10,8.97,8.97
9/3/08,Wed,0.00,0.00,0.00,0.00,8.97,9.08,9.08
9/4/08,Thurs,0.00,0.00,0.00,0.00,9.08,8.40,8.40
9/5/08,Fri,0.00,0.00,0.00,0.00,8.40,8.58,8.58
9/8/08,Mon,0.00,0.00,0.00,0.00,8.58,8.86,8.86
9/9/08,Tues,0.00,0.00,0.00,0.00,8.86,8.23,8.23
9/10/08,Wed,0.00,0.00,0.00,0.00,8.23,8.39,8.39
9/11/08,Thurs,0.00,0.00,0.00,0.00,8.39,8.32,8.32
9/12/08,Fri,0.00,0.00,0.00,0.00,8.32,8.25,8.25
9/15/08,Mon,0.00,0.00,0.00,0.00,8.25,7.75,7.75
9/16/08,Tues,0.00,0.00,0.00,0.00,7.75,7.89,7.89
9/17/08,Wed,0.00,0.00,0.00,0.00,7.89,7.44,7.44
9/18/08,Thurs,0.00,0.00,0.00,0.00,7.44,7.80,7.80
9/19/08,Fri,0.00,0.00,0.00,0.00,7.80,7.98,7.98
9/22/08,Mon,0.00,0.00,0.00,0.00,7.98,7.42,7.42
9/23/08,Tues,0.00,0.00,0.00,0.00,7.42,6.78,6.78
9/24/08,Wed,0.00,0.00,0.00,0.00,6.78,6.85,6.85
9/25/08,Thurs,0.00,0.00,0.00,0.00,6.85,7.06,7.06
9/26/08,Fri,0.00,0.00,0.00,0.00,7.06,6.87,6.87
9/29/08,Mon,0.00,0.00,0.00,0.00,6.87,5.91,5.91
9/30/08,Tues,0.00,0.00,0.00,0.00,5.91,6.26,6.26
10/1/08,Wed,0.00,0.00,0.00,0.00,6.26,6.06,6.06
10/2/08,Thurs,0.00,0.00,0.00,0.00,6.06,5.65,5.65
10/3/08,Fri,0.00,0.00,0.00,0.00,5.65,5.47,5.47
10/6/08,Mon,0.00,0.00,0.00,0.00,5.47,5.27,5.27
10/7/08,Tues,0.00,0.00,0.00,0.00,5.27,4.77,4.77
10/8/08,Wed,0.00,0.00,0.00,0.00,4.77,4.50,4.50
10/9/08,Thurs,0.00,0.00,0.00,0.00,4.50,4.06,4.06
10/10/08,Fri,0.00,0.00,0.00,0.00,4.06,3.89,3.89
10/13/08,Mon,0.00,0.00,0.00,0.00,3.89,4.18,4.18
10/14/08,Tues,0.00,0.00,0.00,0.00,4.18,4.06,4.06
10/15/08,Wed,0.00,0.00,0.00,0.00,4.06,3.50,3.50
10/16/08,Thurs,0.00,0.00,0.00,0.00,3.50,3.43,3.43
10/17/08,Fri,0.00,0.00,0.00,0.00,3.43,3.15,3.15
10/20/08,Mon,0.00,0.00,0.00,0.00,3.15,3.32,3.32
10/21/08,Tues,0.00,0.00,0.00,0.00,3.32,3.40,3.40
10/22/08,Wed,0.00,0.00,0.00,0.00,3.40,3.05,3.05
10/23/08,Thurs,0.00,0.00,0.00,0.00,3.05,2.95,2.95
10/24/08,Fri,0.00,0.00,0.00,0.00,2.95,2.61,2.61
10/27/08,Mon,0.00,0.00,0.00,0.00,2.61,2.46,2.46
10/28/08,Tues,0.00,0.00,0.00,0.00,2.46,2.67,2.67
10/29/08,Wed,0.00,0.00,0.00,0.00,2.67,2.55,2.55
10/30/08,Thurs,0.00,0.00,0.00,0.00,2.55,2.58,2.58
10/31/08,Fri,0.00,0.00,0.00,0.00,2.58,2.59,2.59
11/3/08,Mon,0.00,0.00,0.00,0.00,2.59,2.67,2.67
11/4/08,Tues,0.00,0.00,0.00,0.00,2.67,2.90,2.90
11/5/08,Wed,0.00,0.00,0.00,0.00,2.90,2.72,2.72
11/6/08,Thurs,0.00,0.00,0.00,0.00,2.72,2.40,2.40
11/7/08,Fri,0.00,0.00,0.00,0.00,2.40,2.46,2.46
11/10/08,Mon,0.00,0.00,0.00,0.00,2.46,2.41,2.41
11/11/08,Tues,0.00,0.00,0.00,0.00,2.41,2.35,2.35
11/12/08,Wed,0.00,0.00,0.00,0.00,2.35,2.17,2.17
11/13/08,Thurs,0.00,0.00,0.00,0.00,2.17,2.31,2.31
11/14/08,Fri,0.00,0.00,0.00,0.00,2.31,2.13,2.13
11/17/08,Mon,0.00,0.00,0.00,0.00,2.13,2.02,2.02
11/18/08,Tues,0.00,0.00,0.00,0.00,2.02,1.98,1.98
11/19/08,Wed,0.00,0.00,0.00,0.00,1.98,1.79,1.79
11/20/08,Thurs,0.00,0.00,0.00,0.00,1.79,1.70,1.70
11/21/08,Fri,0.00,0.00,0.00,0.00,1.70,1.78,1.78
11/24/08,Mon,0.00,0.00,0.00,0.00,1.78,1.90,1.90
11/25/08,Tues,0.00,0.00,0.00,0.00,1.90,1.94,1.94
11/26/08,Wed,0.00,0.00,0.00,0.00,1.94,2.06,2.06
11/28/08,Fri,0.00,0.00,0.00,0.00,2.06,2.06,2.06
12/1/08,Mon,0.00,0.00,0.00,0.00,2.06,1.80,1.80
12/2/08,Tues,0.00,0.00,0.00,0.00,1.80,1.86,1.86
12/3/08,Wed,0.00,0.00,0.00,0.00,1.86,1.86,1.86
12/4/08,Thurs,0.00,0.00,0.00,0.00,1.86,1.78,1.78
12/5/08,Fri,0.00,0.00,0.00,0.00,1.78,1.82,1.82
12/8/08,Mon,0.00,0.00,0.00,0.00,1.82,1.90,1.90
12/9/08,Tues,0.00,0.00,0.00,0.00,1.90,1.87,1.87
12/10/08,Wed,0.00,0.00,0.00,0.00,1.87,1.90,1.90
12/11/08,Thurs,0.00,0.00,0.00,0.00,1.90,1.88,1.88
12/12/08,Fri,0.00,0.00,0.00,0.00,1.88,1.90,1.90
12/15/08,Mon,0.00,0.00,0.00,0.00,1.90,1.89,1.89
12/16/08,Tues,0.00,0.00,0.00,0.00,1.89,1.98,1.98
12/17/08,Wed,0.00,0.00,0.00,0.00,1.98,1.98,1.98
12/18/08,Thurs,0.00,0.00,0.00,0.00,1.98,2.05,2.05
12/19/08,Fri,0.00,0.00,0.00,0.00,2.05,2.17,2.17
12/22/08,Mon,0.00,0.00,0.00,0.00,2.17,2.25,2.25
12/23/08,Tues,0.00,0.00,0.00,0.00,2.25,2.21,2.21
12/24/08,Wed,0.00,0.00,0.00,0.00,2.21,2.24,2.24
12/26/08,Fri,0.00,0.00,0.00,0.00,2.24,2.26,2.26
12/29/08,Mon,0.00,0.00,0.00,0.00,2.26,2.20,2.20
12/30/08,Tues,0.00,0.00,0.00,0.00,2.20,2.30,2.30
12/31/08,Wed,0.00,0.00,0.00,0.00,2.30,2.41,2.41
1/2/09,Fri,0.00,0.00,0.00,0.00,2.41,2.59,2.59
1/5/09,Mon,0.00,0.00,0.00,0.00,2.59,2.54,2.54
1/6/09,Tues,0.00,0.00,0.00,0.00,2.54,2.57,2.57
1/7/09,Wed,0.00,0.00,0.00,0.00,2.57,2.35,2.35
1/8/09,Thurs,0.00,0.00,0.00,0.00,2.35,2.35,2.35
1/9/09,Fri,0.00,0.00,0.00,0.00,2.35,2.27,2.27
1/12/09,Mon,0.00,0.00,0.00,0.00,2.27,2.09,2.09
1/13/09,Tues,0.00,0.00,0.00,0.00,2.09,2.13,2.13
1/14/09,Wed,0.00,0.00,0.00,0.00,2.13,1.95,1.95
1/15/09,Thurs,0.00,0.00,0.00,0.00,1.95,1.97,1.97
1/16/09,Fri,0.00,0.00,0.00,0.00,1.97,2.03,2.03
1/20/09,Tues,0.00,0.00,0.00,0.00,2.03,1.77,1.77
1/21/09,Wed,0.00,0.00,0.00,0.00,1.77,1.88,1.88
1/22/09,Thurs,0.00,0.00,0.00,0.00,1.88,1.90,1.90
1/23/09,Fri,0.00,0.00,0.00,0.00,1.90,1.92,1.92
1/26/09,Mon,0.00,0.00,0.00,0.00,1.92,2.01,2.01
1/27/09,Tues,0.00,0.00,0.00,0.00,2.01,2.11,2.11
1/28/09,Wed,0.00,0.00,0.00,0.00,2.11,2.24,2.24
1/29/09,Thurs,0.00,0.00,0.00,0.00,2.24,2.20,2.20
1/30/09,Fri,0.00,0.00,0.00,0.00,2.20,2.12,2.12
2/2/09,Mon,0.00,0.00,0.00,0.00,2.12,2.11,2.11
2/3/09,Tues,0.00,0.00,0.00,0.00,2.11,2.20,2.20
2/4/09,Wed,0.00,0.00,0.00,0.00,2.20,2.18,2.18
2/5/09,Thurs,0.00,0.00,0.00,0.00,2.18,2.21,2.21
2/6/09,Fri,0.00,0.00,0.00,0.00,2.21,2.23,2.23
2/9/09,Mon,0.00,0.00,0.00,0.00,2.23,2.22,2.22
2/10/09,Tues,0.00,0.00,0.00,0.00,2.22,2.08,2.08
2/11/09,Wed,0.00,0.00,0.00,0.00,2.08,2.12,2.12
2/12/09,Thurs,0.00,0.00,0.00,0.00,2.12,2.16,2.16
2/13/09,Fri,0.00,0.00,0.00,0.00,2.16,2.12,2.12
2/17/09,Tues,0.00,0.00,0.00,0.00,2.12,2.02,2.02
2/18/09,Wed,0.00,0.00,0.00,0.00,2.02,1.99,1.99
2/19/09,Thurs,0.00,0.00,0.00,0.00,1.99,2.00,2.00
2/20/09,Fri,0.00,0.00,0.00,0.00,2.00,1.90,1.90
2/23/09,Mon,0.00,0.00,0.00,0.00,1.90,1.81,1.81
2/24/09,Tues,0.00,0.00,0.00,0.00,1.81,1.97,1.97
2/25/09,Wed,0.00,0.00,0.00,0.00,1.97,2.01,2.01
2/26/09,Thurs,0.00,0.00,0.00,0.00,2.01,1.98,1.98
2/27/09,Fri,0.00,0.00,0.00,0.00,1.98,1.97,1.97
3/2/09,Mon,0.00,0.00,0.00,0.00,1.97,1.84,1.84
3/3/09,Tues,0.00,0.00,0.00,0.00,1.84,1.82,1.82
3/4/09,Wed,0.00,0.00,0.00,0.00,1.82,1.96,1.96
3/5/09,Thurs,0.00,0.00,0.00,0.00,1.96,1.87,1.87
3/6/09,Fri,0.00,0.00,0.00,0.00,1.87,1.89,1.89
3/9/09,Mon,0.00,0.00,0.00,0.00,1.89,1.86,1.86
3/10/09,Tues,0.00,0.00,0.00,0.00,1.86,2.00,2.00
3/11/09,Wed,0.00,0.00,0.00,0.00,2.00,2.01,2.01
3/12/09,Thurs,0.00,0.00,0.00,0.00,2.01,2.04,2.04
3/13/09,Fri,0.00,0.00,0.00,0.00,2.04,2.01,2.01
3/16/09,Mon,0.00,0.00,0.00,0.00,2.01,1.94,1.94
3/17/09,Tues,0.00,0.00,0.00,0.00,1.94,2.03,2.03
3/18/09,Wed,0.00,0.00,0.00,0.00,2.03,2.04,2.04
3/19/09,Thurs,0.00,0.00,0.00,0.00,2.04,1.91,1.91
3/20/09,Fri,0.00,0.00,0.00,0.00,1.91,1.76,1.76
3/23/09,Mon,0.00,0.00,0.00,0.00,1.76,1.90,1.90
3/24/09,Tues,0.00,0.00,0.00,0.00,1.90,1.87,1.87
3/25/09,Wed,0.00,0.00,0.00,0.00,1.87,1.92,1.92
3/26/09,Thurs,0.00,0.00,0.00,0.00,1.92,1.97,1.97
3/27/09,Fri,0.00,0.00,0.00,0.00,1.97,1.90,1.90
3/30/09,Mon,0.00,0.00,0.00,0.00,1.90,1.77,1.77
3/31/09,Tues,0.00,0.00,0.00,0.00,1.77,1.80,1.80
4/1/09,Wed,0.00,0.00,0.00,0.00,1.80,1.84,1.84
4/2/09,Thurs,0.00,0.00,0.00,0.00,1.84,1.87,1.87
4/3/09,Fri,0.00,0.00,0.00,0.00,1.87,1.91,1.91
4/6/09,Mon,0.00,0.00,0.00,0.00,1.91,1.89,1.89
4/7/09,Tues,0.00,0.00,0.00,0.00,1.89,1.89,1.89
4/8/09,Wed,0.00,0.00,0.00,0.00,1.89,1.93,1.93
4/9/09,Thurs,0.00,0.00,0.00,0.00,1.93,2.01,2.01
4/13/09,Mon,0.00,0.00,0.00,0.00,2.01,2.03,2.03
4/14/09,Tues,0.00,0.00,0.00,0.00,2.03,2.03,2.03
4/15/09,Wed,0.00,0.00,0.00,0.00,2.03,2.07,2.07
4/16/09,Thurs,0.00,0.00,0.00,0.00,2.07,2.15,2.15
4/17/09,Fri,0.00,0.00,0.00,0.00,2.15,2.19,2.19
4/20/09,Mon,0.00,0.00,0.00,0.00,2.19,2.02,2.02
4/21/09,Tues,0.00,0.00,0.00,0.00,2.02,2.10,2.10
4/22/09,Wed,0.00,0.00,0.00,0.00,2.10,2.07,2.07
4/23/09,Thurs,0.00,0.00,0.00,0.00,2.07,2.11,2.11
4/24/09,Fri,0.00,0.00,0.00,0.00,2.11,2.10,2.10
4/27/09,Mon,0.00,0.00,0.00,0.00,2.10,2.05,2.05
4/28/09,Tues,0.00,0.00,0.00,0.00,2.05,2.08,2.08
4/29/09,Wed,0.00,0.00,0.00,0.00,2.08,2.17,2.17
4/30/09,Thurs,0.00,0.00,0.00,0.00,2.17,2.14,2.14
5/1/09,Fri,0.00,0.00,0.00,0.00,2.14,2.17,2.17
5/4/09,Mon,0.00,0.00,0.00,0.00,2.17,2.27,2.27
5/5/09,Tues,0.00,0.00,0.00,0.00,2.27,2.27,2.27
5/6/09,Wed,0.00,0.00,0.00,0.00,2.27,2.35,2.35
5/7/09,Thurs,0.00,0.00,0.00,0.00,2.35,2.32,2.32
5/8/09,Fri,0.00,0.00,0.00,0.00,2.32,2.42,2.42
5/11/09,Mon,0.00,0.00,0.00,0.00,2.42,2.40,2.40
5/12/09,Tues,0.00,0.00,0.00,0.00,2.40,2.42,2.42
5/13/09,Wed,0.00,0.00,0.00,0.00,2.42,2.34,2.34
5/14/09,Thurs,0.00,0.00,0.00,0.00,2.34,2.44,2.44
5/15/09,Fri,0.00,0.00,0.00,0.00,2.44,2.38,2.38
5/18/09,Mon,0.00,0.00,0.00,0.00,2.38,2.55,2.55
5/19/09,Tues,0.00,0.00,0.00,0.00,2.55,2.59,2.59
5/20/09,Wed,0.00,0.00,0.00,0.00,2.59,2.58,2.58
5/21/09,Thurs,0.00,0.00,0.00,0.00,2.58,2.44,2.44
5/22/09,Fri,0.00,0.00,0.00,0.00,2.44,2.40,2.40
5/26/09,Tues,0.00,0.00,0.00,0.00,2.40,2.51,2.51
5/27/09,Wed,0.00,0.00,0.00,0.00,2.51,2.43,2.43
5/28/09,Thurs,0.00,0.00,0.00,0.00,2.43,2.47,2.47
5/29/09,Fri,0.00,0.00,0.00,0.00,2.47,2.56,2.56
6/1/09,Mon,0.00,0.00,0.00,0.00,2.56,2.62,2.62
6/2/09,Tues,0.00,0.00,0.00,0.00,2.62,2.61,2.61
6/3/09,Wed,0.00,0.00,0.00,0.00,2.61,2.48,2.48
6/4/09,Thurs,0.00,0.00,0.00,0.00,2.48,2.50,2.50
6/5/09,Fri,0.00,0.00,0.00,0.00,2.50,2.52,2.52
6/8/09,Mon,0.00,0.00,0.00,0.00,2.52,2.53,2.53
6/9/09,Tues,0.00,0.00,0.00,0.00,2.53,2.62,2.62
6/10/09,Wed,0.00,0.00,0.00,0.00,2.62,2.61,2.61
6/11/09,Thurs,0.00,0.00,0.00,0.00,2.61,2.66,2.66
6/12/09,Fri,0.00,0.00,0.00,0.00,2.66,2.71,2.71
6/15/09,Mon,0.00,0.00,0.00,0.00,2.71,2.58,2.58
6/16/09,Tues,0.00,0.00,0.00,0.00,2.58,2.49,2.49
6/17/09,Wed,0.00,0.00,0.00,0.00,2.49,2.47,2.47
6/18/09,Thurs,0.00,0.00,0.00,0.00,2.47,2.49,2.49
6/19/09,Fri,0.00,0.00,0.00,0.00,2.49,2.56,2.56
6/22/09,Mon,0.00,0.00,0.00,0.00,2.56,2.45,2.45
6/23/09,Tues,0.00,0.00,0.00,0.00,2.45,2.50,2.50
6/24/09,Wed,0.00,0.00,0.00,0.00,2.50,2.60,2.60
6/25/09,Thurs,0.00,0.00,0.00,0.00,2.60,2.72,2.72
6/26/09,Fri,0.00,0.00,0.00,0.00,2.72,2.77,2.77
6/29/09,Mon,0.00,0.00,0.00,0.00,2.77,2.87,2.87
6/30/09,Tues,0.00,0.00,0.00,0.00,2.87,2.82,2.82
7/1/09,Wed,0.00,0.00,0.00,0.00,2.82,2.84,2.84
7/2/09,Thurs,0.00,0.00,0.00,0.00,2.84,2.68,2.68
7/6/09,Mon,0.00,0.00,0.00,0.00,2.68,2.71,2.71
7/7/09,Tues,0.00,0.00,0.00,0.00,2.71,2.60,2.60
7/8/09,Wed,0.00,0.00,0.00,0.00,2.60,2.57,2.57
7/9/09,Thurs,0.00,0.00,0.00,0.00,2.57,2.60,2.60
7/10/09,Fri,0.00,0.00,0.00,0.00,2.60,2.59,2.59
7/13/09,Mon,0.00,0.00,0.00,0.00,2.59,2.71,2.71
7/14/09,Tues,0.00,0.00,0.00,0.00,2.71,2.76,2.76
7/15/09,Wed,0.00,0.00,0.00,0.00,2.76,2.85,2.85
7/16/09,Thurs,0.00,0.00,0.00,0.00,2.85,2.88,2.88
7/17/09,Fri,0.00,0.00,0.00,0.00,2.88,2.88,2.88
7/20/09,Mon,0.00,0.00,0.00,0.00,2.88,2.94,2.94
7/21/09,Tues,0.00,0.00,0.00,0.00,2.94,3.00,3.00
7/22/09,Wed,0.00,0.00,0.00,0.00,3.00,3.07,3.07
7/23/09,Thurs,0.00,0.00,0.00,0.00,3.07,3.18,3.18
7/24/09,Fri,0.00,0.00,0.00,0.00,3.18,3.20,3.20
7/27/09,Mon,0.00,0.00,0.00,0.00,3.20,3.16,3.16
7/28/09,Tues,0.00,0.00,0.00,0.00,3.16,3.05,3.05
7/29/09,Wed,0.00,0.00,0.00,0.00,3.05,3.01,3.01
7/30/09,Thurs,0.00,0.00,0.00,0.00,3.01,3.08,3.08
7/31/09,Fri,0.00,0.00,0.00,0.00,3.08,3.05,3.05
8/3/09,Mon,0.00,0.00,0.00,0.00,3.05,3.13,3.13
8/4/09,Tues,0.00,0.00,0.00,0.00,3.13,3.15,3.15
8/5/09,Wed,0.00,0.00,0.00,0.00,3.15,3.17,3.17
8/6/09,Thurs,0.00,0.00,0.00,0.00,3.17,3.13,3.13
8/7/09,Fri,0.00,0.00,0.00,0.00,3.13,3.23,3.23
8/10/09,Mon,0.00,0.00,0.00,0.00,3.23,3.23,3.23
8/11/09,Tues,0.00,0.00,0.00,0.00,3.23,3.17,3.17
8/12/09,Wed,0.00,0.00,0.00,0.00,3.17,3.21,3.21
8/13/09,Thurs,0.00,0.00,0.00,0.00,3.21,3.27,3.27
8/14/09,Fri,0.00,0.00,0.00,0.00,3.27,3.22,3.22
8/17/09,Mon,0.00,0.00,0.00,0.00,3.22,3.02,3.02
8/18/09,Tues,0.00,0.00,0.00,0.00,3.02,3.09,3.09
8/19/09,Wed,0.00,0.00,0.00,0.00,3.09,3.19,3.19
8/20/09,Thurs,0.00,0.00,0.00,0.00,3.19,3.25,3.25
8/21/09,Fri,0.00,0.00,0.00,0.00,3.25,3.30,3.30
8/24/09,Mon,0.00,0.00,0.00,0.00,3.30,3.29,3.29
8/25/09,Tues,0.00,0.00,0.00,0.00,3.29,3.26,3.26
8/26/09,Wed,0.00,0.00,0.00,0.00,3.26,3.20,3.20
8/27/09,Thurs,0.00,0.00,0.00,0.00,3.20,3.24,3.24
8/28/09,Fri,0.00,0.00,0.00,0.00,3.24,3.21,3.21
8/31/09,Mon,0.00,0.00,0.00,0.00,3.21,3.16,3.16
9/1/09,Tues,0.00,0.00,0.00,0.00,3.16,3.01,3.01
9/2/09,Wed,0.00,0.00,0.00,0.00,3.01,2.97,2.97
9/3/09,Thurs,0.00,0.00,0.00,0.00,2.97,3.10,3.10
9/4/09,Fri,0.00,0.00,0.00,0.00,3.10,3.21,3.21
9/8/09,Tues,0.00,0.00,0.00,0.00,3.21,3.31,3.31
9/9/09,Wed,0.00,0.00,0.00,0.00,3.31,3.41,3.41
9/10/09,Thurs,0.00,0.00,0.00,0.00,3.41,3.57,3.57
9/11/09,Fri,0.00,0.00,0.00,0.00,3.57,3.52,3.52
9/14/09,Mon,0.00,0.00,0.00,0.00,3.52,3.61,3.61
9/15/09,Tues,0.00,0.00,0.00,0.00,3.61,3.60,3.60
9/16/09,Wed,0.00,0.00,0.00,0.00,3.60,3.76,3.76
9/17/09,Thurs,0.00,0.00,0.00,0.00,3.76,3.74,3.74
9/18/09,Fri,0.00,0.00,0.00,0.00,3.74,3.64,3.64
9/21/09,Mon,0.00,0.00,0.00,0.00,3.64,3.65,3.65
9/22/09,Tues,0.00,0.00,0.00,0.00,3.65,3.72,3.72
9/23/09,Wed,0.00,0.00,0.00,0.00,3.72,3.69,3.69
9/24/09,Thurs,0.00,0.00,0.00,0.00,3.69,3.62,3.62
9/25/09,Fri,0.00,0.00,0.00,0.00,3.62,3.61,3.61
9/28/09,Mon,0.00,0.00,0.00,0.00,3.61,3.74,3.74
9/29/09,Tues,0.00,0.00,0.00,0.00,3.74,3.74,3.74
9/30/09,Wed,0.00,0.00,0.00,0.00,3.74,3.70,3.70
10/1/09,Thurs,0.00,0.00,0.00,0.00,3.70,3.53,3.53
10/2/09,Fri,0.00,0.00,0.00,0.00,3.53,3.53,3.53
10/5/09,Mon,0.00,0.00,0.00,0.00,3.53,3.65,3.65
10/6/09,Tues,0.00,0.00,0.00,0.00,3.65,3.73,3.73
10/7/09,Wed,0.00,0.00,0.00,0.00,3.73,3.77,3.77
10/8/09,Thurs,0.00,0.00,0.00,0.00,3.77,3.82,3.82
10/9/09,Fri,0.00,0.00,0.00,0.00,3.82,3.90,3.90
10/12/09,Mon,0.00,0.00,0.00,0.00,3.90,4.00,4.00
10/13/09,Tues,0.00,0.00,0.00,0.00,4.00,4.03,4.03
10/14/09,Wed,0.00,0.00,0.00,0.00,4.03,4.07,4.07
10/15/09,Thurs,0.00,0.00,0.00,0.00,4.07,4.16,4.16
10/16/09,Fri,0.00,0.00,0.00,0.00,4.16,4.10,4.10
10/19/09,Mon,0.00,0.00,0.00,0.00,4.10,4.21,4.21
10/20/09,Tues,0.00,0.00,0.00,0.00,4.21,4.23,4.23
10/21/09,Wed,0.00,0.00,0.00,0.00,4.23,4.23,4.23
10/22/09,Thurs,0.00,0.00,0.00,0.00,4.23,4.38,4.38
10/23/09,Fri,0.00,0.00,0.00,0.00,4.38,4.31,4.31
10/26/09,Mon,0.00,0.00,0.00,0.00,4.31,4.22,4.22
10/27/09,Tues,0.00,0.00,0.00,0.00,4.22,4.21,4.21
10/28/09,Wed,0.00,0.00,0.00,0.00,4.21,3.91,3.91
10/29/09,Thurs,0.00,0.00,0.00,0.00,3.91,4.12,4.12
10/30/09,Fri,0.00,0.00,0.00,0.00,4.12,3.72,3.72
11/2/09,Mon,0.00,0.00,0.00,0.00,3.72,3.68,3.68
11/3/09,Tues,0.00,0.00,0.00,0.00,3.68,3.66,3.66
11/4/09,Wed,0.00,0.00,0.00,0.00,3.66,3.71,3.71
11/5/09,Thurs,0.00,0.00,0.00,0.00,3.71,3.87,3.87
11/6/09,Fri,0.00,0.00,0.00,0.00,3.87,3.99,3.99
11/9/09,Mon,0.00,0.00,0.00,0.00,3.99,4.23,4.23
11/10/09,Tues,0.00,0.00,0.00,0.00,4.23,4.21,4.21
11/11/09,Wed,0.00,0.00,0.00,0.00,4.21,4.19,4.19
11/12/09,Thurs,0.00,0.00,0.00,0.00,4.19,4.01,4.01
11/13/09,Fri,0.00,0.00,0.00,0.00,4.01,4.07,4.07
11/16/09,Mon,0.00,0.00,0.00,0.00,4.07,4.14,4.14
11/17/09,Tues,0.00,0.00,0.00,0.00,4.14,4.16,4.16
11/18/09,Wed,0.00,0.00,0.00,0.00,4.16,4.32,4.32
11/19/09,Thurs,0.00,0.00,0.00,0.00,4.32,4.27,4.27
11/20/09,Fri,0.00,0.00,0.00,0.00,4.27,4.35,4.35
11/23/09,Mon,0.00,0.00,0.00,0.00,4.35,4.57,4.57
11/24/09,Tues,0.00,0.00,0.00,0.00,4.57,4.60,4.60
11/25/09,Wed,0.00,0.00,0.00,0.00,4.60,4.67,4.67
11/27/09,Fri,0.00,0.00,0.00,0.00,4.67,4.35,4.35
11/30/09,Mon,0.00,0.00,0.00,0.00,4.35,4.34,4.34
12/1/09,Tues,0.00,0.00,0.00,0.00,4.34,4.51,4.51
12/2/09,Wed,0.00,0.00,0.00,0.00,4.51,4.56,4.56
12/3/09,Thurs,0.00,0.00,0.00,0.00,4.56,4.46,4.46
12/4/09,Fri,0.00,0.00,0.00,0.00,4.46,4.56,4.56
12/7/09,Mon,0.00,0.00,0.00,0.00,4.56,4.58,4.58
12/8/09,Tues,0.00,0.00,0.00,0.00,4.58,4.45,4.45
12/9/09,Wed,0.00,0.00,0.00,0.00,4.45,4.49,4.49
12/10/09,Thurs,0.00,0.00,0.00,0.00,4.49,4.56,4.56
12/11/09,Fri,0.00,0.00,0.00,0.00,4.56,4.58,4.58
12/14/09,Mon,0.00,0.00,0.00,0.00,4.58,4.67,4.67
12/15/09,Tues,0.00,0.00,0.00,0.00,4.67,4.72,4.72
12/16/09,Wed,0.00,0.00,0.00,0.00,4.72,4.94,4.94
12/17/09,Thurs,0.00,0.00,0.00,0.00,4.94,4.87,4.87
12/18/09,Fri,0.00,0.00,0.00,0.00,4.87,4.94,4.94
12/21/09,Mon,0.00,0.00,0.00,0.00,4.94,5.11,5.11
12/22/09,Tues,0.00,0.00,0.00,0.00,5.11,5.23,5.23
12/23/09,Wed,0.00,0.00,0.00,0.00,5.23,5.28,5.28
12/24/09,Thurs,0.00,0.00,0.00,0.00,5.28,5.35,5.35
12/28/09,Mon,0.00,0.00,0.00,0.00,5.35,5.39,5.39
12/29/09,Tues,0.00,0.00,0.00,0.00,5.39,5.36,5.36
12/30/09,Wed,0.00,0.00,0.00,0.00,5.36,5.28,5.28
12/31/09,Thurs,0.00,0.00,0.00,0.00,5.28,5.13,5.13
1/4/10,Mon,0.00,0.00,0.00,0.00,5.13,5.32,5.32
1/5/10,Tues,0.00,0.00,0.00,0.00,5.32,5.43,5.43
1/6/10,Wed,0.00,0.00,0.00,0.00,5.43,5.63,5.63
1/7/10,Thurs,0.00,0.00,0.00,0.00,5.63,5.72,5.72
1/8/10,Fri,0.00,0.00,0.00,0.00,5.72,5.87,5.87
1/11/10,Mon,0.00,0.00,0.00,0.00,5.87,5.96,5.96
1/12/10,Tues,0.00,0.00,0.00,0.00,5.96,5.79,5.79
1/13/10,Wed,0.00,0.00,0.00,0.00,5.79,5.90,5.90
1/14/10,Thurs,0.00,0.00,0.00,0.00,5.90,6.03,6.03
1/15/10,Fri,0.00,0.00,0.00,0.00,6.03,5.87,5.87
1/19/10,Tues,0.00,0.00,0.00,0.00,5.87,6.15,6.15
1/20/10,Wed,0.00,0.00,0.00,0.00,6.15,6.19,6.19
1/21/10,Thurs,0.00,0.00,0.00,0.00,6.19,5.83,5.83
1/22/10,Fri,0.00,0.00,0.00,0.00,5.83,5.32,5.32
1/25/10,Mon,0.00,0.00,0.00,0.00,5.32,5.40,5.40
1/26/10,Tues,0.00,0.00,0.00,0.00,5.40,5.35,5.35
1/27/10,Wed,0.00,0.00,0.00,0.00,5.35,5.51,5.51
1/28/10,Thurs,0.00,0.00,0.00,0.00,5.51,5.45,5.45
1/29/10,Fri,0.00,0.00,0.00,0.00,5.45,5.32,5.32
2/1/10,Mon,0.00,0.00,0.00,0.00,5.32,5.62,5.62
2/2/10,Tues,0.00,0.00,0.00,0.00,5.62,5.83,5.83
2/3/10,Wed,0.00,0.00,0.00,0.00,5.83,5.81,5.81
2/4/10,Thurs,0.00,0.00,0.00,0.00,5.81,5.13,5.13
2/5/10,Fri,0.00,0.00,0.00,0.00,5.13,5.07,5.07
2/8/10,Mon,0.00,0.00,0.00,0.00,5.07,5.00,5.00
2/9/10,Tues,0.00,0.00,0.00,0.00,5.00,5.12,5.12
2/10/10,Wed,0.00,0.00,0.00,0.00,5.12,5.14,5.14
2/11/10,Thurs,0.00,0.00,0.00,0.00,5.14,5.27,5.27
2/12/10,Fri,0.00,0.00,0.00,0.00,5.27,5.28,5.28
2/16/10,Tues,0.00,0.00,0.00,0.00,5.28,5.57,5.57
2/17/10,Wed,0.00,0.00,0.00,0.00,5.57,5.77,5.77
2/18/10,Thurs,0.00,0.00,0.00,0.00,5.77,6.00,6.00
2/19/10,Fri,0.00,0.00,0.00,0.00,6.00,6.12,6.12
2/22/10,Mon,0.00,0.00,0.00,0.00,6.12,6.24,6.24
2/23/10,Tues,0.00,0.00,0.00,0.00,6.24,6.03,6.03
2/24/10,Wed,0.00,0.00,0.00,0.00,6.03,6.17,6.17
2/25/10,Thurs,0.00,0.00,0.00,0.00,6.17,6.19,6.19
2/26/10,Fri,0.00,0.00,0.00,0.00,6.19,6.32,6.32
3/1/10,Mon,0.00,0.00,0.00,0.00,6.32,6.44,6.44
3/2/10,Tues,0.00,0.00,0.00,0.00,6.44,6.50,6.50
3/3/10,Wed,0.00,0.00,0.00,0.00,6.50,6.56,6.56
3/4/10,Thurs,0.00,0.00,0.00,0.00,6.56,6.58,6.58
3/5/10,Fri,0.00,0.00,0.00,0.00,6.58,6.88,6.88
3/8/10,Mon,0.00,0.00,0.00,0.00,6.88,6.98,6.98
3/9/10,Tues,0.00,0.00,0.00,0.00,6.98,6.96,6.96
3/10/10,Wed,0.00,0.00,0.00,0.00,6.96,6.91,6.91
3/11/10,Thurs,0.00,0.00,0.00,0.00,6.91,6.86,6.86
3/12/10,Fri,0.00,0.00,0.00,0.00,6.86,6.91,6.91
3/15/10,Mon,0.00,0.00,0.00,0.00,6.91,6.91,6.91
3/16/10,Tues,0.00,0.00,0.00,0.00,6.91,7.10,7.10
3/17/10,Wed,0.00,0.00,0.00,0.00,7.10,7.38,7.38
3/18/10,Thurs,0.00,0.00,0.00,0.00,7.38,7.49,7.49
3/19/10,Fri,0.00,0.00,0.00,0.00,7.49,7.34,7.34
3/22/10,Mon,0.00,0.00,0.00,0.00,7.34,7.44,7.44
3/23/10,Tues,0.00,0.00,0.00,0.00,7.44,7.59,7.59
3/24/10,Wed,0.00,0.00,0.00,0.00,7.59,7.43,7.43
3/25/10,Thurs,0.00,0.00,0.00,0.00,7.43,7.35,7.35
3/26/10,Fri,0.00,0.00,0.00,0.00,7.35,7.43,7.43
3/29/10,Mon,0.00,0.00,0.00,0.00,7.43,7.58,7.58
3/30/10,Tues,0.00,0.00,0.00,0.00,7.58,7.71,7.71
3/31/10,Wed,0.00,0.00,0.00,0.00,7.71,7.74,7.74
4/1/10,Thurs,0.00,0.00,0.00,0.00,7.74,7.76,7.76
4/5/10,Mon,0.00,0.00,0.00,0.00,7.76,8.06,8.06
4/6/10,Tues,0.00,0.00,0.00,0.00,8.06,8.28,8.28
4/7/10,Wed,0.00,0.00,0.00,0.00,8.28,8.13,8.13
4/8/10,Thurs,0.00,0.00,0.00,0.00,8.13,8.27,8.27
4/9/10,Fri,0.00,0.00,0.00,0.00,8.27,8.36,8.36
4/12/10,Mon,0.00,0.00,0.00,0.00,8.36,8.37,8.37
4/13/10,Tues,0.00,0.00,0.00,0.00,8.37,8.34,8.34
4/14/10,Wed,0.00,0.00,0.00,0.00,8.34,8.53,8.53
4/15/10,Thurs,0.00,0.00,0.00,0.00,8.53,8.53,8.53
4/16/10,Fri,0.00,0.00,0.00,0.00,8.53,8.18,8.18
4/19/10,Mon,0.00,0.00,0.00,0.00,8.18,8.38,8.38
4/20/10,Tues,0.00,0.00,0.00,0.00,8.38,8.78,8.78
4/21/10,Wed,0.00,0.00,0.00,0.00,8.78,8.73,8.73
4/22/10,Thurs,0.00,0.00,0.00,0.00,8.73,8.76,8.76
4/23/10,Fri,0.00,0.00,0.00,0.00,8.76,8.82,8.82
4/26/10,Mon,0.00,0.00,0.00,0.00,8.82,8.70,8.70
4/27/10,Tues,0.00,0.00,0.00,0.00,8.70,7.73,7.73
4/28/10,Wed,0.00,0.00,0.00,0.00,7.73,7.82,7.82
4/29/10,Thurs,0.00,0.00,0.00,0.00,7.82,8.18,8.18
4/30/10,Fri,0.00,0.00,0.00,0.00,8.18,7.47,7.47
5/3/10,Mon,0.00,0.00,0.00,0.00,7.47,7.74,7.74
5/4/10,Tues,0.00,0.00,0.00,0.00,7.74,6.95,6.95
5/5/10,Wed,0.00,0.00,0.00,0.00,6.95,6.63,6.63
5/6/10,Thurs,0.00,0.00,0.00,0.00,6.63,5.48,5.48
5/7/10,Fri,0.00,0.00,0.00,0.00,5.48,4.98,4.98
5/10/10,Mon,0.00,0.00,0.00,0.00,4.98,5.69,5.69
5/11/10,Tues,0.00,0.00,0.00,0.00,5.69,5.71,5.71
5/12/10,Wed,0.00,0.00,0.00,0.00,5.71,6.02,6.02
5/13/10,Thurs,0.00,0.00,0.00,0.00,6.02,5.87,5.87
5/14/10,Fri,0.00,0.00,0.00,0.00,5.87,5.28,5.28
5/17/10,Mon,0.00,0.00,0.00,0.00,5.28,5.23,5.23
5/18/10,Tues,0.00,0.00,0.00,0.00,5.23,4.88,4.88
5/19/10,Wed,0.00,0.00,0.00,0.00,4.88,4.77,4.77
5/20/10,Thurs,0.00,0.00,0.00,0.00,4.77,4.12,4.12
5/21/10,Fri,0.00,0.00,0.00,0.00,4.12,4.14,4.14
5/24/10,Mon,0.00,0.00,0.00,0.00,4.14,4.22,4.22
5/25/10,Tues,0.00,0.00,0.00,0.00,4.22,4.37,4.37
5/26/10,Wed,0.00,0.00,0.00,0.00,4.37,4.49,4.49
5/27/10,Thurs,0.00,0.00,0.00,0.00,4.49,4.88,4.88
5/28/10,Fri,0.00,0.00,0.00,0.00,4.88,4.79,4.79
6/1/10,Tues,0.00,0.00,0.00,0.00,4.79,4.50,4.50
6/2/10,Wed,0.00,0.00,0.00,0.00,4.50,4.81,4.81
6/3/10,Thurs,0.00,0.00,0.00,0.00,4.81,4.85,4.85
6/4/10,Fri,0.00,0.00,0.00,0.00,4.85,4.39,4.39
6/7/10,Mon,0.00,0.00,0.00,0.00,4.39,4.18,4.18
6/8/10,Tues,0.00,0.00,0.00,0.00,4.18,4.36,4.36
6/9/10,Wed,0.00,0.00,0.00,0.00,4.36,4.32,4.32
6/10/10,Thurs,0.00,0.00,0.00,0.00,4.32,4.58,4.58
6/11/10,Fri,0.00,0.00,0.00,0.00,4.58,4.69,4.69
6/14/10,Mon,0.00,0.00,0.00,0.00,4.69,4.78,4.78
6/15/10,Tues,0.00,0.00,0.00,0.00,4.78,5.07,5.07
6/16/10,Wed,0.00,0.00,0.00,0.00,5.07,5.20,5.20
6/17/10,Thurs,0.00,0.00,0.00,0.00,5.20,5.29,5.29
6/18/10,Fri,0.00,0.00,0.00,0.00,5.29,5.38,5.38
6/21/10,Mon,0.00,0.00,0.00,0.00,5.38,5.33,5.33
6/22/10,Tues,0.00,0.00,0.00,0.00,5.33,5.09,5.09
6/23/10,Wed,0.00,0.00,0.00,0.00,5.09,5.02,5.02
6/24/10,Thurs,0.00,0.00,0.00,0.00,5.02,4.72,4.72
6/25/10,Fri,0.00,0.00,0.00,0.00,4.72,4.84,4.84
6/28/10,Mon,0.00,0.00,0.00,0.00,4.84,4.76,4.76
6/29/10,Tues,0.00,0.00,0.00,0.00,4.76,4.29,4.29
6/30/10,Wed,0.00,0.00,0.00,0.00,4.29,4.22,4.22
7/1/10,Thurs,0.00,0.00,0.00,0.00,4.22,4.26,4.26
7/2/10,Fri,0.00,0.00,0.00,0.00,4.26,4.39,4.39
7/6/10,Tues,0.00,0.00,0.00,0.00,4.39,4.64,4.64
7/7/10,Wed,0.00,0.00,0.00,0.00,4.64,4.94,4.94
7/8/10,Thurs,0.00,0.00,0.00,0.00,4.94,5.03,5.03
7/9/10,Fri,0.00,0.00,0.00,0.00,5.03,5.11,5.11
7/12/10,Mon,0.00,0.00,0.00,0.00,5.11,5.24,5.24
7/13/10,Tues,0.00,0.00,0.00,0.00,5.24,5.27,5.27
7/14/10,Wed,0.00,0.00,0.00,0.00,5.27,5.11,5.11
7/15/10,Thurs,0.00,0.00,0.00,0.00,5.11,5.06,5.06
7/16/10,Fri,0.00,0.00,0.00,0.00,5.06,4.83,4.83
7/19/10,Mon,0.00,0.00,0.00,0.00,4.83,4.89,4.89
7/20/10,Tues,0.00,0.00,0.00,0.00,4.89,5.19,5.19
7/21/10,Wed,0.00,0.00,0.00,0.00,5.19,5.12,5.12
7/22/10,Thurs,0.00,0.00,0.00,0.00,5.12,5.39,5.39
7/23/10,Fri,0.00,0.00,0.00,0.00,5.39,5.53,5.53
7/26/10,Mon,0.00,0.00,0.00,0.00,5.53,5.74,5.74
7/27/10,Tues,0.00,0.00,0.00,0.00,5.74,5.77,5.77
7/28/10,Wed,0.00,0.00,0.00,0.00,5.77,5.70,5.70
7/29/10,Thurs,0.00,0.00,0.00,0.00,5.70,5.70,5.70
7/30/10,Fri,0.00,0.00,0.00,0.00,5.70,5.75,5.75
8/2/10,Mon,0.00,0.00,0.00,0.00,5.75,6.09,6.09
8/3/10,Tues,0.00,0.00,0.00,0.00,6.09,6.02,6.02
8/4/10,Wed,0.00,0.00,0.00,0.00,6.02,6.08,6.08
8/5/10,Thurs,0.00,0.00,0.00,0.00,6.08,6.03,6.03
8/6/10,Fri,0.00,0.00,0.00,0.00,6.03,6.03,6.03
8/9/10,Mon,0.00,0.00,0.00,0.00,6.03,6.13,6.13
8/10/10,Tues,0.00,0.00,0.00,0.00,6.13,6.09,6.09
8/11/10,Wed,0.00,0.00,0.00,0.00,6.09,5.60,5.60
8/12/10,Thurs,0.00,0.00,0.00,0.00,5.60,5.51,5.51
8/13/10,Fri,0.00,0.00,0.00,0.00,5.51,5.39,5.39
8/16/10,Mon,0.00,0.00,0.00,0.00,5.39,5.46,5.46
8/17/10,Tues,0.00,0.00,0.00,0.00,5.46,5.63,5.63
8/18/10,Wed,0.00,0.00,0.00,0.00,5.63,5.71,5.71
8/19/10,Thurs,0.00,0.00,0.00,0.00,5.71,5.53,5.53
8/20/10,Fri,0.00,0.00,0.00,0.00,5.53,5.58,5.58
8/23/10,Mon,0.00,0.00,0.00,0.00,5.58,5.68,5.68
8/24/10,Tues,0.00,0.00,0.00,0.00,5.68,5.53,5.53
8/25/10,Wed,0.00,0.00,0.00,0.00,5.53,5.64,5.64
8/26/10,Thurs,0.00,0.00,0.00,0.00,5.64,5.58,5.58
8/27/10,Fri,0.00,0.00,0.00,0.00,5.58,5.92,5.92
8/30/10,Mon,0.00,0.00,0.00,0.00,5.92,5.74,5.74
8/31/10,Tues,0.00,0.00,0.00,0.00,5.74,5.84,5.84
9/1/10,Wed,0.00,0.00,0.00,0.00,5.84,6.19,6.19
9/2/10,Thurs,0.00,0.00,0.00,0.00,6.19,6.34,6.34
9/3/10,Fri,0.00,0.00,0.00,0.00,6.34,6.65,6.65
9/7/10,Tues,0.00,0.00,0.00,0.00,6.65,6.46,6.46
9/8/10,Wed,0.00,0.00,0.00,0.00,6.46,6.62,6.62
9/9/10,Thurs,0.00,0.00,0.00,0.00,6.62,6.68,6.68
9/10/10,Fri,0.00,0.00,0.00,0.00,6.68,6.83,6.83
9/13/10,Mon,0.00,0.00,0.00,0.00,6.83,7.16,7.16
9/14/10,Tues,0.00,0.00,0.00,0.00,7.16,7.16,7.16
9/15/10,Wed,0.00,0.00,0.00,0.00,7.16,7.30,7.30
9/16/10,Thurs,0.00,0.00,0.00,0.00,7.30,7.33,7.33
9/17/10,Fri,0.00,0.00,0.00,0.00,7.33,7.34,7.34
9/20/10,Mon,0.00,0.00,0.00,0.00,7.34,7.53,7.53
9/21/10,Tues,0.00,0.00,0.00,0.00,7.53,7.50,7.50
9/22/10,Wed,0.00,0.00,0.00,0.00,7.50,7.36,7.36
9/23/10,Thurs,0.00,0.00,0.00,0.00,7.36,7.13,7.13
9/24/10,Fri,0.00,0.00,0.00,0.00,7.13,7.53,7.53
9/27/10,Mon,0.00,0.00,0.00,0.00,7.53,7.49,7.49
9/28/10,Tues,0.00,0.00,0.00,0.00,7.49,7.50,7.50
9/29/10,Wed,0.00,0.00,0.00,0.00,7.50,7.38,7.38
9/30/10,Thurs,0.00,0.00,0.00,0.00,7.38,7.19,7.19
10/1/10,Fri,0.00,0.00,0.00,0.00,7.19,7.34,7.34
10/4/10,Mon,0.00,0.00,0.00,0.00,7.34,7.23,7.23
10/5/10,Tues,0.00,0.00,0.00,0.00,7.23,7.59,7.59
10/6/10,Wed,0.00,0.00,0.00,0.00,7.59,7.68,7.68
10/7/10,Thurs,0.00,0.00,0.00,0.00,7.68,7.73,7.73
10/8/10,Fri,0.00,0.00,0.00,0.00,7.73,8.04,8.04
10/11/10,Mon,0.00,0.00,0.00,0.00,8.04,8.24,8.24
10/12/10,Tues,0.00,0.00,0.00,0.00,8.24,8.51,8.51
10/13/10,Wed,0.00,0.00,0.00,0.00,8.51,8.71,8.71
10/14/10,Thurs,0.00,0.00,0.00,0.00,8.71,8.44,8.44
10/15/10,Fri,0.00,0.00,0.00,0.00,8.44,8.52,8.52
10/18/10,Mon,0.00,0.00,0.00,0.00,8.52,8.80,8.80
10/19/10,Tues,0.00,0.00,0.00,0.00,8.80,8.58,8.58
10/20/10,Wed,0.00,0.00,0.00,0.00,8.58,9.03,9.03
10/21/10,Thurs,0.00,0.00,0.00,0.00,9.03,9.26,9.26
10/22/10,Fri,0.00,0.00,0.00,0.00,9.26,9.63,9.63
10/25/10,Mon,0.00,0.00,0.00,0.00,9.63,9.70,9.70
10/26/10,Tues,0.00,0.00,0.00,0.00,9.70,9.52,9.52
10/27/10,Wed,0.00,0.00,0.00,0.00,9.52,9.34,9.34
10/28/10,Thurs,0.00,0.00,0.00,0.00,9.34,9.35,9.35
10/29/10,Fri,0.00,0.00,0.00,0.00,9.35,9.36,9.36
11/1/10,Mon,0.00,0.00,0.00,0.00,9.36,9.42,9.42
11/2/10,Tues,0.00,0.00,0.00,0.00,9.42,9.63,9.63
11/3/10,Wed,0.00,0.00,0.00,0.00,9.63,10.19,10.19
11/4/10,Thurs,0.00,0.00,0.00,0.00,10.19,10.83,10.83
11/5/10,Fri,0.00,0.00,0.00,0.00,10.83,10.83,10.83
11/8/10,Mon,0.00,0.00,0.00,0.00,10.83,10.77,10.77
11/9/10,Tues,0.00,0.00,0.00,0.00,10.77,10.71,10.71
11/10/10,Wed,0.00,0.00,0.00,0.00,10.71,10.82,10.82
11/11/10,Thurs,0.00,0.00,0.00,0.00,10.82,10.73,10.73
11/12/10,Fri,0.00,0.00,0.00,0.00,10.73,10.09,10.09
11/15/10,Mon,0.00,0.00,0.00,0.00,10.09,10.24,10.24
11/16/10,Tues,0.00,0.00,0.00,0.00,10.24,9.80,9.80
11/17/10,Wed,0.00,0.00,0.00,0.00,9.80,10.01,10.01
11/18/10,Thurs,0.00,0.00,0.00,0.00,10.01,10.70,10.70
11/19/10,Fri,0.00,0.00,0.00,0.00,10.70,10.83,10.83
11/22/10,Mon,0.00,0.00,0.00,0.00,10.83,11.19,11.19
11/23/10,Tues,0.00,0.00,0.00,0.00,11.19,10.67,10.67
11/24/10,Wed,0.00,0.00,0.00,0.00,10.67,11.13,11.13
11/26/10,Fri,0.00,0.00,0.00,0.00,11.13,10.41,10.41
11/29/10,Mon,0.00,0.00,0.00,0.00,10.41,10.30,10.30